Class,Board,Year,Subject,Appeared,Passed
10th,Bahawalpur,2025,Advanced Islamic Studies Elective,8296.0,8106.0
10th,Bahawalpur,2025,Arabic,647.0,568.0
10th,Bahawalpur,2025,Art And Model Drawing,95.0,95.0
10th,Bahawalpur,2025,Biology,56410.0,45607.0
10th,Bahawalpur,2025,Chemistry,91504.0,63181.0
10th,Bahawalpur,2025,Civics,524.0,443.0
10th,Bahawalpur,2025,Clothing And Textile,38.0,38.0
10th,Bahawalpur,2025,Computer Science,32173.0,29591.0
10th,Bahawalpur,2025,Education,598.0,539.0
10th,Bahawalpur,2025,Electrical Wiring,176.0,172.0
10th,Bahawalpur,2025,Elements Of Home Economics,2068.0,1993.0
10th,Bahawalpur,2025,English,96531.0,78881.0
10th,Bahawalpur,2025,Environmental Studies,523.0,505.0
10th,Bahawalpur,2025,Ethics,665.0,648.0
10th,Bahawalpur,2025,Food And Nutrition,1264.0,1264.0
10th,Bahawalpur,2025,General Mathematics,13322.0,7959.0
10th,Bahawalpur,2025,General Science,12160.0,9398.0
10th,Bahawalpur,2025,Health And Physical Education,4532.0,4478.0
10th,Bahawalpur,2025,Islamic Education,85344.0,84144.0
10th,Bahawalpur,2025,Islamic History,158.0,87.0
10th,Bahawalpur,2025,Mathematics,93825.0,70121.0
10th,Bahawalpur,2025,Pakistan Studies,87694.0,83992.0
10th,Bahawalpur,2025,Physics,86396.0,66166.0
10th,Bahawalpur,2025,Punjabi,157.0,154.0
10th,Bahawalpur,2025,Religious Education,250.0,241.0
10th,Bahawalpur,2025,Translation Of Holy Quran,84837.0,83617.0
10th,Bahawalpur,2025,Urdu,86559.0,85141.0
10th,Bahawalpur,2025,Wood Work Furniture Making,89.0,89.0
10th,Faisalabad,2024,Al Hadith And Al Fiqah,8.0,7.0
10th,Faisalabad,2024,Al Quran,9.0,9.0
10th,Faisalabad,2024,Arabic,1116.0,1010.0
10th,Faisalabad,2024,Arithmetic,131.0,131.0
10th,Faisalabad,2024,Art And Model Drawing,3.0,3.0
10th,Faisalabad,2024,Biology,100334.0,88171.0
10th,Faisalabad,2024,Chemistry,159788.0,143801.0
10th,Faisalabad,2024,Civics,1045.0,754.0
10th,Faisalabad,2024,Clothing And Textile,1.0,1.0
10th,Faisalabad,2024,Commercial Geography,2.0,2.0
10th,Faisalabad,2024,Computer Science,61023.0,56745.0
10th,Faisalabad,2024,Drawing,113.0,113.0
10th,Faisalabad,2024,Dress Making And Fashion Designing,126.0,118.0
10th,Faisalabad,2024,Economics,154.0,123.0
10th,Faisalabad,2024,Education,8669.0,8474.0
10th,Faisalabad,2024,Electrical Wiring,54.0,42.0
10th,Faisalabad,2024,Elements Of Home Economics,7465.0,6868.0
10th,Faisalabad,2024,Embroidery,22.0,22.0
10th,Faisalabad,2024,English,194686.0,167099.0
10th,Faisalabad,2024,Environmental Studies,212.0,201.0
10th,Faisalabad,2024,Ethics,4009.0,3818.0
10th,Faisalabad,2024,Food And Nutrition,827.0,780.0
10th,Faisalabad,2024,General Mathematics,39509.0,28251.0
10th,Faisalabad,2024,General Science,37044.0,30818.0
10th,Faisalabad,2024,Geography,14.0,5.0
10th,Faisalabad,2024,Geography Of Pakistan,11.0,9.0
10th,Faisalabad,2024,Health And Physical Education,126.0,125.0
10th,Faisalabad,2024,History Of Pakistan,15.0,3.0
10th,Faisalabad,2024,Islamic Education,195396.0,191367.0
10th,Faisalabad,2024,Islamic History,221.0,167.0
10th,Faisalabad,2024,Mathematics,167010.0,148055.0
10th,Faisalabad,2024,Pakistan Studies,179315.0,171127.0
10th,Faisalabad,2024,Persian,27.0,26.0
10th,Faisalabad,2024,Physical Education,11573.0,11061.0
10th,Faisalabad,2024,Physics,151995.0,139708.0
10th,Faisalabad,2024,Poultry Farming,3.0,3.0
10th,Faisalabad,2024,Punjabi,4033.0,4014.0
10th,Faisalabad,2024,Religious Education,3970.0,3797.0
10th,Faisalabad,2024,Seerat Ul Rasool,3.0,2.0
10th,Faisalabad,2024,Translation Of Holy Quran,170182.0,167142.0
10th,Faisalabad,2024,Urdu,174376.0,170779.0
10th,Faisalabad,2024,Urdu Dars E Nizami,9.0,9.0
10th,Faisalabad,2025,Al Hadith And Al Fiqah,9.0,9.0
10th,Faisalabad,2025,Al Quran,7.0,7.0
10th,Faisalabad,2025,Arabic,889.0,814.0
10th,Faisalabad,2025,Arithmetic,134.0,134.0
10th,Faisalabad,2025,Art And Model Drawing,36.0,34.0
10th,Faisalabad,2025,Biology,98985.0,89443.0
10th,Faisalabad,2025,Chemistry,153774.0,136165.0
10th,Faisalabad,2025,Civics,1655.0,1244.0
10th,Faisalabad,2025,Clothing And Textile,26.0,22.0
10th,Faisalabad,2025,Computer Hardware,2.0,2.0
10th,Faisalabad,2025,Computer Science,67727.0,62901.0
10th,Faisalabad,2025,Drawing,97.0,97.0
10th,Faisalabad,2025,Dress Making And Fashion Designing,49.0,42.0
10th,Faisalabad,2025,Economics,171.0,152.0
10th,Faisalabad,2025,Education,9170.0,8962.0
10th,Faisalabad,2025,Electrical Wiring,107.0,75.0
10th,Faisalabad,2025,Elements Of Home Economics,6588.0,6099.0
10th,Faisalabad,2025,Embroidery,9.0,9.0
10th,Faisalabad,2025,English,192005.0,166271.0
10th,Faisalabad,2025,English Literature,1.0,0.0
10th,Faisalabad,2025,Environmental Studies,426.0,394.0
10th,Faisalabad,2025,Ethics,3459.0,3342.0
10th,Faisalabad,2025,Food And Nutrition,837.0,788.0
10th,Faisalabad,2025,General Mathematics,42447.0,32889.0
10th,Faisalabad,2025,General Science,40064.0,32621.0
10th,Faisalabad,2025,Geography,54.0,35.0
10th,Faisalabad,2025,Geography Of Pakistan,4.0,4.0
10th,Faisalabad,2025,Health And Physical Education,126.0,126.0
10th,Faisalabad,2025,History Of Pakistan,29.0,18.0
10th,Faisalabad,2025,Islamic Education,190622.0,187202.0
10th,Faisalabad,2025,Islamic History,158.0,123.0
10th,Faisalabad,2025,Mathematics,159121.0,138588.0
10th,Faisalabad,2025,Pakistan Studies,174501.0,166415.0
10th,Faisalabad,2025,Persian,11.0,11.0
10th,Faisalabad,2025,Physical Education,12931.0,12079.0
10th,Faisalabad,2025,Physics,150638.0,140174.0
10th,Faisalabad,2025,Poultry Farming,45.0,44.0
10th,Faisalabad,2025,Punjabi,3204.0,3145.0
10th,Faisalabad,2025,Religious Education,3046.0,2938.0
10th,Faisalabad,2025,Seerat Ul Rasool,3.0,3.0
10th,Faisalabad,2025,Tailoring,37.0,36.0
10th,Faisalabad,2025,Translation Of Holy Quran,165257.0,163397.0
10th,Faisalabad,2025,Urdu,169539.0,165760.0
10th,Faisalabad,2025,Urdu Dars E Nizami,8.0,8.0
10th,Faisalabad,2025,Urdu Literature,2.0,1.0
10th,Faisalabad,2026,Al Hadith And Al Fiqah,14.0,14.0
10th,Faisalabad,2026,Al Quran,14.0,13.0
10th,Faisalabad,2026,Arabic,901.0,808.0
10th,Faisalabad,2026,Arithmetic,154.0,154.0
10th,Faisalabad,2026,Art And Model Drawing,11.0,10.0
10th,Faisalabad,2026,Biology,91559.0,78748.0
10th,Faisalabad,2026,Chemistry,189300.0,161101.0
10th,Faisalabad,2026,Civics,1321.0,1093.0
10th,Faisalabad,2026,Clothing And Textile,236.0,193.0
10th,Faisalabad,2026,Computer Hardware,68.0,55.0
10th,Faisalabad,2026,Computer Science,90525.0,85115.0
10th,Faisalabad,2026,Drawing,116.0,115.0
10th,Faisalabad,2026,Dress Making And Fashion Designing,152.0,130.0
10th,Faisalabad,2026,Economics,244.0,160.0
10th,Faisalabad,2026,Education,9584.0,9137.0
10th,Faisalabad,2026,Electrical Wiring,99.0,72.0
10th,Faisalabad,2026,Elements Of Home Economics,5928.0,5297.0
10th,Faisalabad,2026,Embroidery,37.0,37.0
10th,Faisalabad,2026,English,216494.0,186347.0
10th,Faisalabad,2026,English Literature,6.0,5.0
10th,Faisalabad,2026,Environmental Studies,281.0,263.0
10th,Faisalabad,2026,Ethics,4192.0,4027.0
10th,Faisalabad,2026,Food And Nutrition,800.0,745.0
10th,Faisalabad,2026,General Mathematics,42216.0,26534.0
10th,Faisalabad,2026,General Science,41901.0,30281.0
10th,Faisalabad,2026,Geography,18.0,7.0
10th,Faisalabad,2026,Geography Of Pakistan,7.0,7.0
10th,Faisalabad,2026,Health And Physical Education,150.0,149.0
10th,Faisalabad,2026,History Of Pakistan,47.0,23.0
10th,Faisalabad,2026,Islamic Education,40254.0,34064.0
10th,Faisalabad,2026,Islamic History,237.0,119.0
10th,Faisalabad,2026,Mathematics,182163.0,157846.0
10th,Faisalabad,2026,Pakistan Studies,184301.0,168404.0
10th,Faisalabad,2026,Persian,17.0,15.0
10th,Faisalabad,2026,Physical Education,15332.0,14240.0
10th,Faisalabad,2026,Physics,165714.0,148223.0
10th,Faisalabad,2026,Poultry Farming,14.0,14.0
10th,Faisalabad,2026,Punjabi,3602.0,3534.0
10th,Faisalabad,2026,Religious Education,340.0,247.0
10th,Faisalabad,2026,Seerat Ul Rasool,4.0,3.0
10th,Faisalabad,2026,Tailoring,12.0,12.0
10th,Faisalabad,2026,Translation Of Holy Quran,184815.0,181382.0
10th,Faisalabad,2026,Urdu,193993.0,185601.0
10th,Faisalabad,2026,Urdu Dars E Nizami,14.0,14.0
10th,Gujranwala,2024,Arabic,1395.0,1225.0
10th,Gujranwala,2024,Art And Model Drawing,48.0,48.0
10th,Gujranwala,2024,Biology,135074.0,115331.0
10th,Gujranwala,2024,Business Studies,139.0,117.0
10th,Gujranwala,2024,Chemistry,191828.0,157182.0
10th,Gujranwala,2024,Civics,3309.0,2912.0
10th,Gujranwala,2024,Clothing And Textile,120.0,118.0
10th,Gujranwala,2024,Commercial Geography,143.0,123.0
10th,Gujranwala,2024,Computer Hardware,43.0,33.0
10th,Gujranwala,2024,Computer Science,54484.0,48817.0
10th,Gujranwala,2024,Dress Making And Fashion Designing,50.0,50.0
10th,Gujranwala,2024,Economics,1090.0,960.0
10th,Gujranwala,2024,Education,19521.0,17982.0
10th,Gujranwala,2024,Electrical Wiring,1305.0,1194.0
10th,Gujranwala,2024,Elements Of Home Economics,10391.0,9971.0
10th,Gujranwala,2024,English,240896.0,207980.0
10th,Gujranwala,2024,Environmental Studies,52.0,51.0
10th,Gujranwala,2024,Ethics,3122.0,3049.0
10th,Gujranwala,2024,Food And Nutrition,131.0,129.0
10th,Gujranwala,2024,General Mathematics,62401.0,45147.0
10th,Gujranwala,2024,General Science,59557.0,47642.0
10th,Gujranwala,2024,Geography,39.0,37.0
10th,Gujranwala,2024,Geography Of Pakistan,1.0,1.0
10th,Gujranwala,2024,Geometrical And Technical Drawing,37.0,37.0
10th,Gujranwala,2024,Health And Physical Education,10010.0,9913.0
10th,Gujranwala,2024,History Of Pakistan,27.0,9.0
10th,Gujranwala,2024,Islamic Education,272194.0,266217.0
10th,Gujranwala,2024,Islamic History,271.0,168.0
10th,Gujranwala,2024,Mathematics,192120.0,159959.0
10th,Gujranwala,2024,Pakistan Studies,229169.0,219746.0
10th,Gujranwala,2024,Persian,566.0,557.0
10th,Gujranwala,2024,Physics,179912.0,155365.0
10th,Gujranwala,2024,Poultry Farming,2604.0,2452.0
10th,Gujranwala,2024,Punjabi,7068.0,6843.0
10th,Gujranwala,2024,Translation Of Holy Quran,219659.0,215407.0
10th,Gujranwala,2024,Urdu,222764.0,219235.0
10th,Gujranwala,2024,Urdu Literature,1.0,0.0
10th,Gujranwala,2024,Wood Work Furniture Making,114.0,112.0
10th,Gujranwala,2025,Arabic,941.0,880.0
10th,Gujranwala,2025,Art And Model Drawing,60.0,51.0
10th,Gujranwala,2025,Biology,108658.0,96291.0
10th,Gujranwala,2025,Business Studies,99.0,91.0
10th,Gujranwala,2025,Chemistry,159545.0,132838.0
10th,Gujranwala,2025,Civics,3061.0,2617.0
10th,Gujranwala,2025,Clothing And Textile,120.0,118.0
10th,Gujranwala,2025,Commercial Geography,124.0,94.0
10th,Gujranwala,2025,Computer Hardware,21.0,17.0
10th,Gujranwala,2025,Computer Science,57067.0,52057.0
10th,Gujranwala,2025,Dress Making And Fashion Designing,77.0,77.0
10th,Gujranwala,2025,Economics,790.0,660.0
10th,Gujranwala,2025,Education,19780.0,18725.0
10th,Gujranwala,2025,Electrical Wiring,264.0,220.0
10th,Gujranwala,2025,Elements Of Home Economics,8759.0,8484.0
10th,Gujranwala,2025,English,215916.0,191523.0
10th,Gujranwala,2025,Environmental Studies,28.0,23.0
10th,Gujranwala,2025,Ethics,3123.0,3097.0
10th,Gujranwala,2025,Fish Farming,19.0,17.0
10th,Gujranwala,2025,Food And Nutrition,125.0,125.0
10th,Gujranwala,2025,General Mathematics,57222.0,40976.0
10th,Gujranwala,2025,General Science,56163.0,42438.0
10th,Gujranwala,2025,Geography,7.0,6.0
10th,Gujranwala,2025,Geography Of Pakistan,5.0,5.0
10th,Gujranwala,2025,Geometrical And Technical Drawing,1.0,1.0
10th,Gujranwala,2025,Health And Physical Education,10946.0,10716.0
10th,Gujranwala,2025,History Of Pakistan,26.0,3.0
10th,Gujranwala,2025,Islamic Education,255479.0,250547.0
10th,Gujranwala,2025,Islamic History,161.0,111.0
10th,Gujranwala,2025,Mathematics,159114.0,134142.0
10th,Gujranwala,2025,Pakistan Studies,211577.0,201128.0
10th,Gujranwala,2025,Persian,521.0,514.0
10th,Gujranwala,2025,Physics,159023.0,142085.0
10th,Gujranwala,2025,Poultry Farming,2052.0,1867.0
10th,Gujranwala,2025,Punjabi,6948.0,6750.0
10th,Gujranwala,2025,Translation Of Holy Quran,206392.0,202034.0
10th,Gujranwala,2025,Urdu,210671.0,206808.0
10th,Gujranwala,2025,Urdu Literature,9.0,9.0
10th,Gujranwala,2025,Wood Work Furniture Making,79.0,78.0
10th,Gujranwala,2026,Arabic,867.0,756.0
10th,Gujranwala,2026,Art And Model Drawing,48.0,46.0
10th,Gujranwala,2026,Biology,104605.0,91521.0
10th,Gujranwala,2026,Business Studies,24.0,22.0
10th,Gujranwala,2026,Chemistry,174986.0,149052.0
10th,Gujranwala,2026,Civics,3310.0,2766.0
10th,Gujranwala,2026,Clothing And Textile,107.0,105.0
10th,Gujranwala,2026,Commercial Geography,82.0,71.0
10th,Gujranwala,2026,Computer Hardware,75.0,44.0
10th,Gujranwala,2026,Computer Science,76007.0,69765.0
10th,Gujranwala,2026,Dress Making And Fashion Designing,67.0,65.0
10th,Gujranwala,2026,Economics,850.0,794.0
10th,Gujranwala,2026,Education,21169.0,20131.0
10th,Gujranwala,2026,Electrical Wiring,208.0,196.0
10th,Gujranwala,2026,Elements Of Home Economics,8037.0,7830.0
10th,Gujranwala,2026,English,231709.0,202395.0
10th,Gujranwala,2026,Environmental Studies,2.0,2.0
10th,Gujranwala,2026,Ethics,3884.0,3772.0
10th,Gujranwala,2026,Fish Farming,4.0,4.0
10th,Gujranwala,2026,Food And Nutrition,230.0,224.0
10th,Gujranwala,2026,General Mathematics,60136.0,43639.0
10th,Gujranwala,2026,General Science,59416.0,48173.0
10th,Gujranwala,2026,Geography,8.0,8.0
10th,Gujranwala,2026,Geography Of Pakistan,4.0,4.0
10th,Gujranwala,2026,Geometrical And Technical Drawing,13.0,12.0
10th,Gujranwala,2026,Health And Physical Education,12142.0,11648.0
10th,Gujranwala,2026,History Of Pakistan,33.0,22.0
10th,Gujranwala,2026,Islamic Education,51198.0,49137.0
10th,Gujranwala,2026,Islamic History,156.0,130.0
10th,Gujranwala,2026,Mathematics,174081.0,146143.0
10th,Gujranwala,2026,Pakistan Studies,228703.0,206439.0
10th,Gujranwala,2026,Persian,596.0,590.0
10th,Gujranwala,2026,Physics,173097.0,148100.0
10th,Gujranwala,2026,Poultry Farming,2810.0,2657.0
10th,Gujranwala,2026,Punjabi,6566.0,6454.0
10th,Gujranwala,2026,Translation Of Holy Quran,223943.0,219608.0
10th,Gujranwala,2026,Urdu,228113.0,222806.0
10th,Gujranwala,2026,Urdu Literature,3.0,2.0
10th,Gujranwala,2026,Wood Work Furniture Making,126.0,126.0
10th,Kohat,2024,Arabic,55.0,51.0
10th,Kohat,2024,Art And Model Drawing,1571.0,1517.0
10th,Kohat,2024,Biology,40477.0,39326.0
10th,Kohat,2024,Chemistry,41907.0,41045.0
10th,Kohat,2024,Civics,447.0,421.0
10th,Kohat,2024,Computer Science,1478.0,1375.0
10th,Kohat,2024,Computer Science For Deaf,28.0,28.0
10th,Kohat,2024,Economics,2.0,2.0
10th,Kohat,2024,Elements Of Home Economics,2310.0,2296.0
10th,Kohat,2024,English,46646.0,45720.0
10th,Kohat,2024,Ethics,37.0,35.0
10th,Kohat,2024,General Mathematics,4500.0,4162.0
10th,Kohat,2024,General Science,4486.0,4388.0
10th,Kohat,2024,Health And Physical Education,9.0,5.0
10th,Kohat,2024,Islamic Education,50739.0,49392.0
10th,Kohat,2024,Islamic History,118.0,74.0
10th,Kohat,2024,Mathematics,41825.0,41015.0
10th,Kohat,2024,Mutala E Quran Hakeem,45855.0,45220.0
10th,Kohat,2024,Pakistan Studies,46299.0,45332.0
10th,Kohat,2024,Pashto,80.0,78.0
10th,Kohat,2024,Physics,41898.0,40965.0
10th,Kohat,2024,Urdu,46302.0,45566.0
10th,Kohat,2024,Wood Work Furniture Making,28.0,28.0
10th,Kohat,2025,Arabic,49.0,47.0
10th,Kohat,2025,Art And Model Drawing,1706.0,1618.0
10th,Kohat,2025,Biology,41893.0,36053.0
10th,Kohat,2025,Chemistry,43464.0,36128.0
10th,Kohat,2025,Civics,499.0,466.0
10th,Kohat,2025,Computer Science,1697.0,1215.0
10th,Kohat,2025,Computer Science For Deaf,22.0,22.0
10th,Kohat,2025,Economics,12.0,11.0
10th,Kohat,2025,Elements Of Home Economics,2335.0,2317.0
10th,Kohat,2025,English,48121.0,44897.0
10th,Kohat,2025,Ethics,48.0,46.0
10th,Kohat,2025,General Mathematics,4720.0,3641.0
10th,Kohat,2025,General Science,4626.0,4288.0
10th,Kohat,2025,Health And Physical Education,1.0,1.0
10th,Kohat,2025,History Of Indo Pak,1.0,1.0
10th,Kohat,2025,Islamic Education,52515.0,48365.0
10th,Kohat,2025,Islamic History,69.0,46.0
10th,Kohat,2025,Mathematics,43374.0,37129.0
10th,Kohat,2025,Mutala E Quran Hakeem,47617.0,45495.0
10th,Kohat,2025,Pakistan Studies,48069.0,43531.0
10th,Kohat,2025,Pashto,48.0,45.0
10th,Kohat,2025,Physics,43481.0,36897.0
10th,Kohat,2025,Urdu,48038.0,46574.0
10th,Kohat,2025,Wood Work Furniture Making,22.0,22.0
10th,Kohat,2026,Arabic,44.0,41.0
10th,Kohat,2026,Art And Model Drawing,1178.0,1106.0
10th,Kohat,2026,Biology,41553.0,29903.0
10th,Kohat,2026,Chemistry,43084.0,32049.0
10th,Kohat,2026,Civics,472.0,431.0
10th,Kohat,2026,Computer Science,1849.0,1173.0
10th,Kohat,2026,Computer Science For Deaf,14.0,14.0
10th,Kohat,2026,Economics,1.0,1.0
10th,Kohat,2026,Elements Of Home Economics,2003.0,1955.0
10th,Kohat,2026,English,45581.0,40947.0
10th,Kohat,2026,Ethics,27.0,24.0
10th,Kohat,2026,General Mathematics,4122.0,2811.0
10th,Kohat,2026,General Science,3876.0,2729.0
10th,Kohat,2026,Health And Physical Education,142.0,135.0
10th,Kohat,2026,Islamic Education,49510.0,41376.0
10th,Kohat,2026,Islamic History,59.0,37.0
10th,Kohat,2026,Mathematics,43045.0,29872.0
10th,Kohat,2026,Mutala E Quran Hakeem,45418.0,38639.0
10th,Kohat,2026,Pakistan Studies,46200.0,37134.0
10th,Kohat,2026,Pashto,45.0,37.0
10th,Kohat,2026,Physics,42797.0,31564.0
10th,Kohat,2026,Urdu,45344.0,43242.0
10th,Kohat,2026,Wood Work Furniture Making,14.0,14.0
10th,Lahore,2024,Advanced Islamic Studies,34550.0,32830.0
10th,Lahore,2024,Al Hadith And Al Fiqah,15.0,15.0
10th,Lahore,2024,Al Quran,15.0,15.0
10th,Lahore,2024,Arabic,1381.0,1284.0
10th,Lahore,2024,Arithmetic,229.0,229.0
10th,Lahore,2024,Art And Model Drawing,480.0,456.0
10th,Lahore,2024,Beautician,10.0,5.0
10th,Lahore,2024,Biology,118467.0,98337.0
10th,Lahore,2024,Business Methods,39.0,33.0
10th,Lahore,2024,Chemistry,189151.0,145585.0
10th,Lahore,2024,Civics,3198.0,2514.0
10th,Lahore,2024,Clothing And Textile,5.0,5.0
10th,Lahore,2024,Commercial Geography,2.0,0.0
10th,Lahore,2024,Computer Hardware,3.0,3.0
10th,Lahore,2024,Computer Science,76910.0,66193.0
10th,Lahore,2024,Drawing,229.0,226.0
10th,Lahore,2024,Dress Making And Fashion Designing,47.0,44.0
10th,Lahore,2024,Economics,442.0,422.0
10th,Lahore,2024,Education,21858.0,19904.0
10th,Lahore,2024,Electrical Wiring,105.0,74.0
10th,Lahore,2024,Elements Of Home Economics,9327.0,8599.0
10th,Lahore,2024,English,242351.0,197111.0
10th,Lahore,2024,English Literature,5.0,4.0
10th,Lahore,2024,Environmental Studies,2.0,2.0
10th,Lahore,2024,Ethics,6023.0,5566.0
10th,Lahore,2024,Fish Farming,1.0,1.0
10th,Lahore,2024,Food And Nutrition,1176.0,1134.0
10th,Lahore,2024,General Mathematics,53247.0,29322.0
10th,Lahore,2024,General Science,51619.0,36543.0
10th,Lahore,2024,Geography,8.0,4.0
10th,Lahore,2024,Geography Of Pakistan,11.0,9.0
10th,Lahore,2024,Geometrical And Technical Drawing,79.0,74.0
10th,Lahore,2024,Health And Physical Education,5919.0,5599.0
10th,Lahore,2024,History Of Pakistan,11.0,5.0
10th,Lahore,2024,Islamic Education,231730.0,226462.0
10th,Lahore,2024,Islamic History,144.0,47.0
10th,Lahore,2024,Mathematics,190312.0,149392.0
10th,Lahore,2024,Military Science,6.0,5.0
10th,Lahore,2024,Pakistan Studies,237458.0,221861.0
10th,Lahore,2024,Persian,171.0,171.0
10th,Lahore,2024,Physics,189002.0,153766.0
10th,Lahore,2024,Physiology And Hygiene,3.0,3.0
10th,Lahore,2024,Poultry Farming,1262.0,1110.0
10th,Lahore,2024,Punjabi,12590.0,12160.0
10th,Lahore,2024,Religious Education,4839.0,4474.0
10th,Lahore,2024,Seerat Ul Rasool,15.0,15.0
10th,Lahore,2024,Tailoring,14.0,14.0
10th,Lahore,2024,Translation Of Holy Quran,228894.0,223999.0
10th,Lahore,2024,Urdu,236828.0,230423.0
10th,Lahore,2024,Urdu Dars E Nizami,13.0,13.0
10th,Lahore,2024,Urdu Literature,1.0,0.0
10th,Lahore,2024,Wood Work Furniture Making,66.0,64.0
10th,Lahore,2025,Advanced Islamic Studies,35416.0,33458.0
10th,Lahore,2025,Arabic,1356.0,1250.0
10th,Lahore,2025,Art And Model Drawing,539.0,487.0
10th,Lahore,2025,Biology,103504.0,87686.0
10th,Lahore,2025,Chemistry,186598.0,132508.0
10th,Lahore,2025,Civics,3739.0,2750.0
10th,Lahore,2025,Clothing And Textile,24.0,22.0
10th,Lahore,2025,Commercial Geography,2.0,0.0
10th,Lahore,2025,Computer Science,90598.0,79882.0
10th,Lahore,2025,Dress Making And Fashion Designing,5.0,2.0
10th,Lahore,2025,Economics,478.0,441.0
10th,Lahore,2025,Education,23395.0,21698.0
10th,Lahore,2025,Elements Of Home Economics,8723.0,7938.0
10th,Lahore,2025,English,239580.0,194625.0
10th,Lahore,2025,Ethics,5794.0,5249.0
10th,Lahore,2025,Food And Nutrition,1418.0,1282.0
10th,Lahore,2025,General Mathematics,56254.0,30207.0
10th,Lahore,2025,General Science,54864.0,34732.0
10th,Lahore,2025,Geography,26.0,18.0
10th,Lahore,2025,Geography Of Pakistan,8.0,5.0
10th,Lahore,2025,Geometrical And Technical Drawing,11.0,11.0
10th,Lahore,2025,Health And Physical Education,6839.0,6385.0
10th,Lahore,2025,History Of Pakistan,19.0,9.0
10th,Lahore,2025,Islamic Education,226783.0,220660.0
10th,Lahore,2025,Islamic History,183.0,126.0
10th,Lahore,2025,Mathematics,185461.0,135710.0
10th,Lahore,2025,Pakistan Studies,232983.0,215142.0
10th,Lahore,2025,Persian,81.0,79.0
10th,Lahore,2025,Physics,186346.0,144341.0
10th,Lahore,2025,Physiology And Hygiene,3.0,0.0
10th,Lahore,2025,Punjabi,12107.0,11656.0
10th,Lahore,2025,Religious Education,4717.0,4272.0
10th,Lahore,2025,Translation Of Holy Quran,225695.0,218052.0
10th,Lahore,2025,Urdu,231375.0,225814.0
10th,Lahore,2025,Urdu Dars E Nizami,15.0,15.0
10th,Lahore,2025,Urdu Literature,5.0,1.0
10th,Lahore,2026,Advanced Islamic Studies,38762.0,36566.0
10th,Lahore,2026,Arabic,1460.0,1282.0
10th,Lahore,2026,Art And Model Drawing,493.0,439.0
10th,Lahore,2026,Biology,98313.0,79162.0
10th,Lahore,2026,Chemistry,208788.0,149036.0
10th,Lahore,2026,Civics,4047.0,3367.0
10th,Lahore,2026,Clothing And Textile,28.0,24.0
10th,Lahore,2026,Commercial Geography,1.0,0.0
10th,Lahore,2026,Computer Science,118607.0,102122.0
10th,Lahore,2026,Dress Making And Fashion Designing,6.0,3.0
10th,Lahore,2026,Economics,545.0,405.0
10th,Lahore,2026,Education,27864.0,25676.0
10th,Lahore,2026,Elements Of Home Economics,7470.0,7004.0
10th,Lahore,2026,English,266496.0,218582.0
10th,Lahore,2026,English Literature,4.0,2.0
10th,Lahore,2026,Ethics,7565.0,6618.0
10th,Lahore,2026,Food And Nutrition,1424.0,1322.0
10th,Lahore,2026,General Mathematics,62435.0,29323.0
10th,Lahore,2026,General Science,60843.0,40265.0
10th,Lahore,2026,Geography,5.0,3.0
10th,Lahore,2026,Geography Of Pakistan,9.0,7.0
10th,Lahore,2026,Geometrical And Technical Drawing,75.0,71.0
10th,Lahore,2026,Health And Physical Education,8180.0,7548.0
10th,Lahore,2026,History Of Pakistan,30.0,23.0
10th,Lahore,2026,Islamic Education,2382.0,2117.0
10th,Lahore,2026,Islamic History,126.0,103.0
10th,Lahore,2026,Mathematics,209184.0,153300.0
10th,Lahore,2026,Military Science,5.0,5.0
10th,Lahore,2026,Pakistan Studies,261109.0,235930.0
10th,Lahore,2026,Persian,138.0,135.0
10th,Lahore,2026,Physics,208507.0,160636.0
10th,Lahore,2026,Physiology And Hygiene,4.0,2.0
10th,Lahore,2026,Punjabi,12376.0,11921.0
10th,Lahore,2026,Religious Education,157.0,88.0
10th,Lahore,2026,Translation Of Holy Quran,252575.0,241214.0
10th,Lahore,2026,Urdu,259832.0,251705.0
10th,Lahore,2026,Urdu Dars E Nizami,15.0,15.0
10th,Lahore,2026,Urdu Literature,2.0,2.0
10th,Peshawar,2024,Arabic,1061.0,1018.0
10th,Peshawar,2024,Art And Model Drawing,5103.0,4949.0
10th,Peshawar,2024,Biology,68423.0,66676.0
10th,Peshawar,2024,Chemistry,70199.0,68437.0
10th,Peshawar,2024,Civics,1445.0,1357.0
10th,Peshawar,2024,Computer Science,3224.0,3052.0
10th,Peshawar,2024,Economics,26.0,22.0
10th,Peshawar,2024,Education,112.0,98.0
10th,Peshawar,2024,Elements Of Home Economics,5375.0,5288.0
10th,Peshawar,2024,English,87549.0,86004.0
10th,Peshawar,2024,English Literature,2.0,1.0
10th,Peshawar,2024,Ethics,351.0,315.0
10th,Peshawar,2024,Food And Nutrition,50.0,49.0
10th,Peshawar,2024,General Mathematics,18792.0,15299.0
10th,Peshawar,2024,General Science,17911.0,17001.0
10th,Peshawar,2024,Geography,5.0,4.0
10th,Peshawar,2024,Health And Physical Education,1663.0,1521.0
10th,Peshawar,2024,History And Geo Of Pakistan,9.0,9.0
10th,Peshawar,2024,History Of Indo Pak,6.0,3.0
10th,Peshawar,2024,Islamic Education,102779.0,99562.0
10th,Peshawar,2024,Islamic History,973.0,541.0
10th,Peshawar,2024,Mathematics,70095.0,68301.0
10th,Peshawar,2024,Mbh,1.0,1.0
10th,Peshawar,2024,Mutala E Quran Hakeem,89927.0,88309.0
10th,Peshawar,2024,Pakistan Studies,88624.0,85546.0
10th,Peshawar,2024,Pashto,3346.0,3248.0
10th,Peshawar,2024,Persian,1.0,1.0
10th,Peshawar,2024,Physics,70498.0,69421.0
10th,Peshawar,2024,Urdu,86716.0,85790.0
10th,Peshawar,2024,Urdu Literature,26.0,23.0
10th,Peshawar,2025,Arabic,985.0,944.0
10th,Peshawar,2025,Art And Model Drawing,5461.0,5321.0
10th,Peshawar,2025,Biology,71974.0,69009.0
10th,Peshawar,2025,Chemistry,74931.0,71514.0
10th,Peshawar,2025,Civics,1629.0,1517.0
10th,Peshawar,2025,Computer Science,3682.0,3412.0
10th,Peshawar,2025,Economics,65.0,45.0
10th,Peshawar,2025,Education,105.0,76.0
10th,Peshawar,2025,Elements Of Home Economics,5181.0,5128.0
10th,Peshawar,2025,English,93759.0,91350.0
10th,Peshawar,2025,English Literature,3.0,3.0
10th,Peshawar,2025,Ethics,380.0,356.0
10th,Peshawar,2025,General Mathematics,19878.0,14917.0
10th,Peshawar,2025,General Science,18264.0,17042.0
10th,Peshawar,2025,Geography,14.0,10.0
10th,Peshawar,2025,Geometrical And Technical Drawing,1.0,1.0
10th,Peshawar,2025,Health And Physical Education,1942.0,1762.0
10th,Peshawar,2025,History And Geo Of Pakistan,9.0,9.0
10th,Peshawar,2025,History Of Indo Pak,7.0,2.0
10th,Peshawar,2025,Islamic Education,107972.0,104100.0
10th,Peshawar,2025,Islamic History,954.0,554.0
10th,Peshawar,2025,Mathematics,74763.0,71053.0
10th,Peshawar,2025,Mutala E Quran Hakeem,91866.0,90391.0
10th,Peshawar,2025,Pakistan Studies,91803.0,88884.0
10th,Peshawar,2025,Pashto,3426.0,3332.0
10th,Peshawar,2025,Physics,74765.0,71392.0
10th,Peshawar,2025,Urdu,91357.0,90278.0
10th,Peshawar,2025,Urdu Literature,21.0,18.0
10th,Peshawar,2026,Arabic,711.0,686.0
10th,Peshawar,2026,Art And Model Drawing,4835.0,4663.0
10th,Peshawar,2026,Biology,78180.0,68879.0
10th,Peshawar,2026,Chemistry,81563.0,73024.0
10th,Peshawar,2026,Civics,1276.0,1166.0
10th,Peshawar,2026,Computer Science,3944.0,3467.0
10th,Peshawar,2026,Economics,11.0,8.0
10th,Peshawar,2026,Education,40.0,32.0
10th,Peshawar,2026,Elements Of Home Economics,4584.0,4519.0
10th,Peshawar,2026,English,95573.0,91551.0
10th,Peshawar,2026,English Literature,1.0,1.0
10th,Peshawar,2026,Ethics,393.0,380.0
10th,Peshawar,2026,General Mathematics,18576.0,11358.0
10th,Peshawar,2026,General Science,16964.0,13615.0
10th,Peshawar,2026,Geography,2.0,1.0
10th,Peshawar,2026,Health And Physical Education,1626.0,1479.0
10th,Peshawar,2026,History And Geo Of Pakistan,11.0,10.0
10th,Peshawar,2026,History Of Indo Pak,1.0,1.0
10th,Peshawar,2026,Islamic Education,107803.0,100710.0
10th,Peshawar,2026,Islamic History,687.0,560.0
10th,Peshawar,2026,Mathematics,81065.0,71897.0
10th,Peshawar,2026,Mbh,1.0,1.0
10th,Peshawar,2026,Mutala E Quran Hakeem,93089.0,90042.0
10th,Peshawar,2026,Pakistan Studies,94577.0,86676.0
10th,Peshawar,2026,Pashto,3179.0,3094.0
10th,Peshawar,2026,Persian,1.0,0.0
10th,Peshawar,2026,Physics,80870.0,73175.0
10th,Peshawar,2026,Urdu,93000.0,90836.0
10th,Peshawar,2026,Urdu Literature,1.0,1.0
10th,Sahiwal,2024,Advanced Islamic Studies,7513.0,7119.0
10th,Sahiwal,2024,Arabic,552.0,489.0
10th,Sahiwal,2024,Arithmetic,72.0,72.0
10th,Sahiwal,2024,Art And Model Drawing,25.0,24.0
10th,Sahiwal,2024,Biology,44512.0,37957.0
10th,Sahiwal,2024,Chemistry,61236.0,51419.0
10th,Sahiwal,2024,Civics,331.0,262.0
10th,Sahiwal,2024,Clothing And Textile,32.0,32.0
10th,Sahiwal,2024,Commercial Geography,1.0,1.0
10th,Sahiwal,2024,Computer Science,17624.0,15568.0
10th,Sahiwal,2024,Drawing,72.0,72.0
10th,Sahiwal,2024,Economics,39.0,36.0
10th,Sahiwal,2024,Education,1513.0,1373.0
10th,Sahiwal,2024,Electrical Wiring,205.0,197.0
10th,Sahiwal,2024,Elements Of Home Economics,2159.0,1983.0
10th,Sahiwal,2024,Embroidery,16.0,16.0
10th,Sahiwal,2024,English,71880.0,62318.0
10th,Sahiwal,2024,Environmental Studies,35.0,33.0
10th,Sahiwal,2024,Ethics,5.0,5.0
10th,Sahiwal,2024,Food And Nutrition,35.0,35.0
10th,Sahiwal,2024,General Mathematics,10490.0,7045.0
10th,Sahiwal,2024,General Science,10267.0,8713.0
10th,Sahiwal,2024,Geography,1.0,1.0
10th,Sahiwal,2024,Health And Physical Education,4538.0,4503.0
10th,Sahiwal,2024,History Of Pakistan,7.0,2.0
10th,Sahiwal,2024,House Hold Accounts And Its Related Problems,2.0,2.0
10th,Sahiwal,2024,Islamic Education,69891.0,68462.0
10th,Sahiwal,2024,Islamic History,9.0,7.0
10th,Sahiwal,2024,Mathematics,61818.0,50456.0
10th,Sahiwal,2024,Pakistan Studies,71007.0,67021.0
10th,Sahiwal,2024,Persian,49.0,45.0
10th,Sahiwal,2024,Physics,60862.0,51601.0
10th,Sahiwal,2024,Physiology And Hygiene,1.0,1.0
10th,Sahiwal,2024,Punjabi,1945.0,1805.0
10th,Sahiwal,2024,Religious Education,781.0,774.0
10th,Sahiwal,2024,Tailoring,8.0,8.0
10th,Sahiwal,2024,Urdu,70769.0,68905.0
10th,Sahiwal,2024,Urdu Literature,1.0,1.0
10th,Sahiwal,2025,Advanced Islamic Studies,7532.0,7146.0
10th,Sahiwal,2025,Arabic,492.0,435.0
10th,Sahiwal,2025,Arithmetic,71.0,71.0
10th,Sahiwal,2025,Art And Model Drawing,3.0,3.0
10th,Sahiwal,2025,Biology,39533.0,32792.0
10th,Sahiwal,2025,Chemistry,58823.0,45448.0
10th,Sahiwal,2025,Civics,444.0,371.0
10th,Sahiwal,2025,Clothing And Textile,140.0,137.0
10th,Sahiwal,2025,Computer Science,20049.0,17748.0
10th,Sahiwal,2025,Drawing,71.0,71.0
10th,Sahiwal,2025,Economics,55.0,38.0
10th,Sahiwal,2025,Education,1572.0,1417.0
10th,Sahiwal,2025,Electrical Wiring,129.0,129.0
10th,Sahiwal,2025,Elements Of Home Economics,2062.0,1978.0
10th,Sahiwal,2025,Embroidery,8.0,8.0
10th,Sahiwal,2025,English,68460.0,55575.0
10th,Sahiwal,2025,Environmental Studies,70.0,69.0
10th,Sahiwal,2025,Ethics,817.0,812.0
10th,Sahiwal,2025,Food And Nutrition,32.0,26.0
10th,Sahiwal,2025,General Mathematics,10912.0,7512.0
10th,Sahiwal,2025,General Science,10381.0,8580.0
10th,Sahiwal,2025,Geography,1.0,1.0
10th,Sahiwal,2025,Geography Of Pakistan,1.0,1.0
10th,Sahiwal,2025,Health And Physical Education,4799.0,4765.0
10th,Sahiwal,2025,History Of Pakistan,15.0,11.0
10th,Sahiwal,2025,Islamic Education,65377.0,64028.0
10th,Sahiwal,2025,Islamic History,4.0,3.0
10th,Sahiwal,2025,Mathematics,58692.0,46783.0
10th,Sahiwal,2025,Pakistan Studies,66763.0,62419.0
10th,Sahiwal,2025,Persian,70.0,63.0
10th,Sahiwal,2025,Physics,58314.0,48934.0
10th,Sahiwal,2025,Physiology And Hygiene,1.0,0.0
10th,Sahiwal,2025,Punjabi,1637.0,1549.0
10th,Sahiwal,2025,Religious Education,816.0,811.0
10th,Sahiwal,2025,Tailoring,14.0,14.0
10th,Sahiwal,2025,Translation Of Holy Quran,65427.0,63933.0
10th,Sahiwal,2025,Urdu,66318.0,64930.0
10th,Sahiwal,2025,Urdu Literature,1.0,0.0
10th,Sahiwal,2026,Arabic,551.0,484.0
10th,Sahiwal,2026,Arithmetic,65.0,65.0
10th,Sahiwal,2026,Art And Model Drawing,25.0,24.0
10th,Sahiwal,2026,Biology,39658.0,32024.0
10th,Sahiwal,2026,Chemistry,69181.0,52145.0
10th,Sahiwal,2026,Civics,477.0,381.0
10th,Sahiwal,2026,Clothing And Textile,19.0,17.0
10th,Sahiwal,2026,Computer Science,30853.0,26405.0
10th,Sahiwal,2026,Drawing,65.0,65.0
10th,Sahiwal,2026,Economics,78.0,48.0
10th,Sahiwal,2026,Education,2118.0,1909.0
10th,Sahiwal,2026,Electrical Wiring,226.0,199.0
10th,Sahiwal,2026,Elements Of Home Economics,2273.0,2122.0
10th,Sahiwal,2026,Embroidery,7.0,7.0
10th,Sahiwal,2026,English,81599.0,66489.0
10th,Sahiwal,2026,Environmental Studies,65.0,62.0
10th,Sahiwal,2026,Ethics,1107.0,1104.0
10th,Sahiwal,2026,Food And Nutrition,26.0,25.0
10th,Sahiwal,2026,General Mathematics,13414.0,8584.0
10th,Sahiwal,2026,General Science,13125.0,9523.0
10th,Sahiwal,2026,Geography,1.0,0.0
10th,Sahiwal,2026,Geography Of Pakistan,2.0,2.0
10th,Sahiwal,2026,Health And Physical Education,6036.0,5966.0
10th,Sahiwal,2026,History Of Pakistan,14.0,3.0
10th,Sahiwal,2026,House Hold Accounts And Its Related Problems,4.0,4.0
10th,Sahiwal,2026,Islamic Education,6009.0,491.0
10th,Sahiwal,2026,Islamic History,49.0,41.0
10th,Sahiwal,2026,Islamic Studies Elective,9605.0,9046.0
10th,Sahiwal,2026,Mathematics,68573.0,53876.0
10th,Sahiwal,2026,Pakistan Studies,81069.0,647.0
10th,Sahiwal,2026,Persian,133.0,126.0
10th,Sahiwal,2026,Physics,68381.0,53558.0
10th,Sahiwal,2026,Physiology And Hygiene,4.0,1.0
10th,Sahiwal,2026,Punjabi,1900.0,1774.0
10th,Sahiwal,2026,Religious Education,31.0,5.0
10th,Sahiwal,2026,Tailoring,9.0,9.0
10th,Sahiwal,2026,Translation Of Holy Quran,78399.0,75934.0
10th,Sahiwal,2026,Urdu,79562.0,77713.0
10th,Sahiwal,2026,Urdu Literature,3.0,3.0
10th,Swat,2024,Arabic,295.0,290.0
10th,Swat,2024,Art And Model Drawing,310.0,309.0
10th,Swat,2024,Biology,40349.0,39232.0
10th,Swat,2024,Chemistry,40714.0,38380.0
10th,Swat,2024,Civics,263.0,257.0
10th,Swat,2024,Computer Science,486.0,480.0
10th,Swat,2024,Elements Of Home Economics,169.0,167.0
10th,Swat,2024,English,45435.0,44433.0
10th,Swat,2024,English Literature,10.0,7.0
10th,Swat,2024,General Mathematics,4235.0,3120.0
10th,Swat,2024,General Science,4220.0,4117.0
10th,Swat,2024,Health And Physical Education,278.0,262.0
10th,Swat,2024,Islamic Education,48833.0,47463.0
10th,Swat,2024,Islamic History,339.0,174.0
10th,Swat,2024,Mathematics,40719.0,39013.0
10th,Swat,2024,Mutala E Quran Hakeem,44642.0,44158.0
10th,Swat,2024,Pakistan Studies,45154.0,42842.0
10th,Swat,2024,Pashto,2877.0,2822.0
10th,Swat,2024,Physics,40796.0,39243.0
10th,Swat,2024,Urdu,45329.0,44857.0
10th,Swat,2024,Urdu Literature,74.0,65.0
10th,Swat,2026,Arabic,237.0,231.0
10th,Swat,2026,Art And Model Drawing,134.0,131.0
10th,Swat,2026,Biology,40314.0,38635.0
10th,Swat,2026,Chemistry,41022.0,39127.0
10th,Swat,2026,Civics,385.0,372.0
10th,Swat,2026,Computer Science,485.0,464.0
10th,Swat,2026,Economics,1.0,1.0
10th,Swat,2026,Elements Of Home Economics,187.0,184.0
10th,Swat,2026,English,44953.0,44294.0
10th,Swat,2026,Ethics,24.0,23.0
10th,Swat,2026,General Mathematics,3984.0,2521.0
10th,Swat,2026,General Science,3862.0,3695.0
10th,Swat,2026,Health And Physical Education,312.0,309.0
10th,Swat,2026,Islamic Education,48232.0,47123.0
10th,Swat,2026,Islamic History,373.0,353.0
10th,Swat,2026,Mathematics,41204.0,36442.0
10th,Swat,2026,Mutala E Quran Hakeem,44630.0,44065.0
10th,Swat,2026,Pakistan Studies,45016.0,42901.0
10th,Swat,2026,Pakistani Culture,6.0,6.0
10th,Swat,2026,Pashto,2682.0,2611.0
10th,Swat,2026,Physics,41021.0,39258.0
10th,Swat,2026,Urdu,44879.0,44443.0
11th,Abbottabad,2024,Biology,17447.0,16335.0
11th,Abbottabad,2024,Chemistry,20624.0,17833.0
11th,Abbottabad,2024,Civics,11221.0,10024.0
11th,Abbottabad,2024,Computer Science,7296.0,7071.0
11th,Abbottabad,2024,Economics,2371.0,1887.0
11th,Abbottabad,2024,English,42329.0,37308.0
11th,Abbottabad,2024,Geography,550.0,528.0
11th,Abbottabad,2024,Health And Phy. Education,4921.0,4796.0
11th,Abbottabad,2024,Islamic History,8390.0,7515.0
11th,Abbottabad,2024,Islamiyat Compulsory,42310.0,41338.0
11th,Abbottabad,2024,Islamyat Elective,11060.0,9819.0
11th,Abbottabad,2024,Library Science,702.0,673.0
11th,Abbottabad,2024,Mathematics,10335.0,8844.0
11th,Abbottabad,2024,Mutaliae-Quran-E-Hakeem,42310.0,40944.0
11th,Abbottabad,2024,Physics,27308.0,24077.0
11th,Abbottabad,2024,Psychology,496.0,442.0
11th,Abbottabad,2024,Statistics,1179.0,1064.0
11th,Abbottabad,2024,Urdu,42324.0,40411.0
11th,Abbottabad,2025,Biology,19381.0,18336.0
11th,Abbottabad,2025,Chemistry,22701.0,17658.0
11th,Abbottabad,2025,Civics,12218.0,9370.0
11th,Abbottabad,2025,Computer Science,9495.0,8994.0
11th,Abbottabad,2025,Economics,2655.0,2186.0
11th,Abbottabad,2025,English,47619.0,40803.0
11th,Abbottabad,2025,Geography,562.0,537.0
11th,Abbottabad,2025,Health And Phy. Education,5260.0,5170.0
11th,Abbottabad,2025,Islamic History,8640.0,7468.0
11th,Abbottabad,2025,Islamyat Compulsory,47608.0,46113.0
11th,Abbottabad,2025,Islamyat Elective,11742.0,10583.0
11th,Abbottabad,2025,Library Science,723.0,706.0
11th,Abbottabad,2025,Mathematics,12496.0,8014.0
11th,Abbottabad,2025,Mutaliae-Quran-E-Hakeem,47608.0,45910.0
11th,Abbottabad,2025,Physics,31221.0,23198.0
11th,Abbottabad,2025,Psychology,615.0,295.0
11th,Abbottabad,2025,Statistics,1457.0,1293.0
11th,Abbottabad,2025,Urdu,47612.0,45316.0
11th,Bahawalpur,2024,Arabic,1422.0,1276.0
11th,Bahawalpur,2024,Biology,13654.0,11496.0
11th,Bahawalpur,2024,Chemistry,15780.0,12690.0
11th,Bahawalpur,2024,Civics,3935.0,3275.0
11th,Bahawalpur,2024,Computer Science,24710.0,20310.0
11th,Bahawalpur,2024,Economics,8048.0,6315.0
11th,Bahawalpur,2024,Education,6503.0,5955.0
11th,Bahawalpur,2024,English,51787.0,38349.0
11th,Bahawalpur,2024,Islamic Education,60387.0,58814.0
11th,Bahawalpur,2024,Mathematics,17199.0,11621.0
11th,Bahawalpur,2024,Physics,27350.0,22062.0
11th,Bahawalpur,2024,Punjabi,1260.0,1256.0
11th,Bahawalpur,2024,Saraiki,1248.0,1243.0
11th,Bahawalpur,2024,Statistics,3428.0,2314.0
11th,Bahawalpur,2024,Translation Of Holy Quran,51384.0,50569.0
11th,Bahawalpur,2024,Urdu,51754.0,48026.0
11th,Bahawalpur,2025,Arabic,1277.0,1180.0
11th,Bahawalpur,2025,Biology,14289.0,10797.0
11th,Bahawalpur,2025,Chemistry,16135.0,11796.0
11th,Bahawalpur,2025,Civics,4060.0,3610.0
11th,Bahawalpur,2025,Computer Science,30017.0,25908.0
11th,Bahawalpur,2025,Economics,8771.0,7233.0
11th,Bahawalpur,2025,Education,6752.0,6374.0
11th,Bahawalpur,2025,English,56237.0,42507.0
11th,Bahawalpur,2025,Islamic Education,64530.0,63723.0
11th,Bahawalpur,2025,Mathematics,19837.0,13733.0
11th,Bahawalpur,2025,Physics,30509.0,24801.0
11th,Bahawalpur,2025,Punjabi,1206.0,1198.0
11th,Bahawalpur,2025,Saraiki,1452.0,1442.0
11th,Bahawalpur,2025,Statistics,3504.0,2544.0
11th,Bahawalpur,2025,Translation Of Holy Quran,55883.0,55081.0
11th,Bahawalpur,2025,Urdu,56202.0,52668.0
11th,FBISE,2024,Biology,26208.0,22098.0
11th,FBISE,2024,Business Mathematics,3826.0,3086.0
11th,FBISE,2024,Chemistry,36724.0,28711.0
11th,FBISE,2024,Civics,6878.0,4200.0
11th,FBISE,2024,Computer Science,37376.0,33763.0
11th,FBISE,2024,Economics,3328.0,2002.0
11th,FBISE,2024,Education,10036.0,8949.0
11th,FBISE,2024,English Compulsory,92076.0,89423.0
11th,FBISE,2024,Islamic Education,96779.0,94866.0
11th,FBISE,2024,Mathematics,45581.0,25046.0
11th,FBISE,2024,Physics,66182.0,52904.0
11th,FBISE,2024,Principles Of Accounting,3836.0,2769.0
11th,FBISE,2024,Principles Of Commerce,3833.0,3284.0
11th,FBISE,2024,Principles Of Economics,3826.0,1989.0
11th,FBISE,2024,Sociology,6045.0,4257.0
11th,FBISE,2024,Statistics,5879.0,3806.0
11th,FBISE,2024,Urdu Compulsory,91877.0,91287.0
11th,FBISE,2025,Biology,30739.0,24310.0
11th,FBISE,2025,Business Mathematics,4527.0,2752.0
11th,FBISE,2025,Chemistry,41352.0,32269.0
11th,FBISE,2025,Civics,8958.0,6554.0
11th,FBISE,2025,Computer Science,46109.0,38696.0
11th,FBISE,2025,Economics,4602.0,2844.0
11th,FBISE,2025,Education,12709.0,10515.0
11th,FBISE,2025,English Compulsory,102681.0,99246.0
11th,FBISE,2025,Islamic Education,106113.0,103669.0
11th,FBISE,2025,Mathematics,59242.0,32998.0
11th,FBISE,2025,Physics,77046.0,59784.0
11th,FBISE,2025,Principles Of Accounting,4790.0,3297.0
11th,FBISE,2025,Principles Of Commerce,4345.0,3194.0
11th,FBISE,2025,Principles Of Economics,5022.0,3023.0
11th,FBISE,2025,Sociology,7462.0,5051.0
11th,FBISE,2025,Statistics,6922.0,3948.0
11th,FBISE,2025,Urdu Compulsory,101132.0,99803.0
11th,Faisalabad,2024,Biology,24624.0,21158.0
11th,Faisalabad,2024,Chemistry,30259.0,26151.0
11th,Faisalabad,2024,Civics,6500.0,5709.0
11th,Faisalabad,2024,Computer Science,40864.0,35679.0
11th,Faisalabad,2024,Economics,8062.0,5652.0
11th,Faisalabad,2024,Education,16313.0,15222.0
11th,Faisalabad,2024,English,92091.0,79500.0
11th,Faisalabad,2024,Islamic Education,90994.0,90095.0
11th,Faisalabad,2024,Mathematics,30846.0,24050.0
11th,Faisalabad,2024,Physics,49922.0,43317.0
11th,Faisalabad,2024,Translation Of Holy Quran,90872.0,90044.0
11th,Faisalabad,2024,Urdu,92056.0,87336.0
11th,Faisalabad,2025,Biology,24707.0,19955.0
11th,Faisalabad,2025,Chemistry,29711.0,22902.0
11th,Faisalabad,2025,Civics,7243.0,6869.0
11th,Faisalabad,2025,Computer Science,51274.0,42487.0
11th,Faisalabad,2025,Economics,8880.0,7133.0
11th,Faisalabad,2025,Education,18625.0,17804.0
11th,Faisalabad,2025,English,101177.0,79960.0
11th,Faisalabad,2025,Islamic Education,99330.0,98207.0
11th,Faisalabad,2025,Mathematics,36693.0,26412.0
11th,Faisalabad,2025,Physics,55322.0,47808.0
11th,Faisalabad,2025,Translation Of Holy Quran,99418.0,98503.0
11th,Faisalabad,2025,Urdu,101093.0,95989.0
11th,Gujranwala,2024,Arabic,1751.0,1577.0
11th,Gujranwala,2024,Biology,27918.0,21801.0
11th,Gujranwala,2024,Business Math,10327.0,9656.0
11th,Gujranwala,2024,Chemistry,33930.0,26531.0
11th,Gujranwala,2024,Civics,23182.0,18493.0
11th,Gujranwala,2024,Computer Science,50082.0,39417.0
11th,Gujranwala,2024,Economics,9527.0,7292.0
11th,Gujranwala,2024,Education,31338.0,25992.0
11th,Gujranwala,2024,English,131160.0,93736.0
11th,Gujranwala,2024,Health And Physical Education,10931.0,9544.0
11th,Gujranwala,2024,Islamic Education,166127.0,161144.0
11th,Gujranwala,2024,Mathematics,43692.0,32043.0
11th,Gujranwala,2024,Physics,60785.0,49999.0
11th,Gujranwala,2024,Punjabi,4446.0,4327.0
11th,Gujranwala,2024,Sociology,5927.0,5429.0
11th,Gujranwala,2024,Statistics,5896.0,4190.0
11th,Gujranwala,2024,Translation Of Holy Quran,129388.0,128103.0
11th,Gujranwala,2024,Urdu,131040.0,122042.0
11th,Gujranwala,2025,Arabic,1591.0,1336.0
11th,Gujranwala,2025,Biology,30498.0,22024.0
11th,Gujranwala,2025,Business Math,10602.0,9156.0
11th,Gujranwala,2025,Chemistry,35798.0,26692.0
11th,Gujranwala,2025,Civics,22848.0,19979.0
11th,Gujranwala,2025,Computer Science,59942.0,47361.0
11th,Gujranwala,2025,Economics,10555.0,8089.0
11th,Gujranwala,2025,Education,31817.0,27870.0
11th,Gujranwala,2025,English,141725.0,104872.0
11th,Gujranwala,2025,Health And Physical Education,12076.0,10011.0
11th,Gujranwala,2025,Islamic Education,177429.0,172235.0
11th,Gujranwala,2025,Mathematics,49339.0,31054.0
11th,Gujranwala,2025,Physics,68403.0,55828.0
11th,Gujranwala,2025,Punjabi,4063.0,3822.0
11th,Gujranwala,2025,Sociology,6284.0,6004.0
11th,Gujranwala,2025,Statistics,5998.0,4497.0
11th,Gujranwala,2025,Translation Of Holy Quran,139854.0,138261.0
11th,Gujranwala,2025,Urdu,141531.0,132289.0
11th,Kohat,2025,Biology,20328.0,13055.0
11th,Kohat,2025,Chemistry,22193.0,11238.0
11th,Kohat,2025,Civics,4396.0,3111.0
11th,Kohat,2025,Computer Science,7823.0,5761.0
11th,Kohat,2025,Economics,638.0,533.0
11th,Kohat,2025,English,35141.0,21034.0
11th,Kohat,2025,Health And Physical Education,1890.0,1696.0
11th,Kohat,2025,Islamic Education,39023.0,34610.0
11th,Kohat,2025,Islamic History,2951.0,2329.0
11th,Kohat,2025,Mathematics,9729.0,3637.0
11th,Kohat,2025,Mutaliae Quran-E-Hakeem,34525.0,30241.0
11th,Kohat,2025,Physics,29322.0,16577.0
11th,Kohat,2025,Urdu,34920.0,27982.0
11th,Lahore,2024,Biology,34571.0,27088.0
11th,Lahore,2024,Chemistry,42780.0,32855.0
11th,Lahore,2024,Civics,22514.0,20557.0
11th,Lahore,2024,Computer Science,67911.0,57777.0
11th,Lahore,2024,Education,33583.0,29626.0
11th,Lahore,2024,English,100830.0,70455.0
11th,Lahore,2024,Mathematics,61583.0,37866.0
11th,Lahore,2024,Physics,83386.0,64863.0
11th,Lahore,2024,Principles Of Accounting,12405.0,10584.0
11th,Lahore,2024,Translation Of Holy Quran,33323.0,33213.0
11th,Lahore,2024,Urdu,34565.0,34282.0
11th,Lahore,2025,Biology,36704.0,28507.0
11th,Lahore,2025,Chemistry,44183.0,34956.0
11th,Lahore,2025,Civics,22074.0,19152.0
11th,Lahore,2025,Computer Science,81311.0,69093.0
11th,Lahore,2025,Education,33609.0,29490.0
11th,Lahore,2025,English,101752.0,67791.0
11th,Lahore,2025,Mathematics,69827.0,47726.0
11th,Lahore,2025,Physics,92719.0,74872.0
11th,Lahore,2025,Principles Of Accounting,10145.0,8812.0
11th,Lahore,2025,Translation Of Holy Quran,35216.0,35109.0
11th,Lahore,2025,Urdu,36693.0,36196.0
11th,Peshawar,2024,Biology,31555.0,29102.0
11th,Peshawar,2024,Chemistry,35162.0,34061.0
11th,Peshawar,2024,Civics,11274.0,10447.0
11th,Peshawar,2024,Computer Science,12141.0,11628.0
11th,Peshawar,2024,Economics,2643.0,2478.0
11th,Peshawar,2024,English,62885.0,60184.0
11th,Peshawar,2024,Health And Phy. Education,4726.0,4498.0
11th,Peshawar,2024,Islamic Education,73657.0,70660.0
11th,Peshawar,2024,Islamic History,5821.0,5468.0
11th,Peshawar,2024,Mathematics,14655.0,13184.0
11th,Peshawar,2024,Mutalia-E-Quran Hakeem,62602.0,61463.0
11th,Peshawar,2024,Pashto,2638.0,2564.0
11th,Peshawar,2024,Physics,45724.0,41125.0
11th,Peshawar,2024,Urdu,62847.0,60679.0
11th,Sahiwal,2024,Biology,10565.0,8560.0
11th,Sahiwal,2024,Chemistry,12638.0,10400.0
11th,Sahiwal,2024,Civics,4943.0,4812.0
11th,Sahiwal,2024,Computer Science,18403.0,13667.0
11th,Sahiwal,2024,Economics,6746.0,5498.0
11th,Sahiwal,2024,Education,6970.0,6010.0
11th,Sahiwal,2024,English,39782.0,29311.0
11th,Sahiwal,2024,Islamic Education,47848.0,46790.0
11th,Sahiwal,2024,Mathematics,13599.0,8222.0
11th,Sahiwal,2024,Physics,20657.0,16342.0
11th,Sahiwal,2024,Translation Of Holy Quran,39427.0,38970.0
11th,Sahiwal,2024,Urdu,39779.0,37243.0
11th,Sahiwal,2025,Biology,10898.0,7876.0
11th,Sahiwal,2025,Chemistry,12704.0,9517.0
11th,Sahiwal,2025,Civics,4804.0,4550.0
11th,Sahiwal,2025,Computer Science,21511.0,16562.0
11th,Sahiwal,2025,Economics,7211.0,5780.0
11th,Sahiwal,2025,Education,7184.0,6857.0
11th,Sahiwal,2025,English,42428.0,32999.0
11th,Sahiwal,2025,Islamic Education,50471.0,50159.0
11th,Sahiwal,2025,Mathematics,15251.0,11083.0
11th,Sahiwal,2025,Physics,22230.0,18277.0
11th,Sahiwal,2025,Translation Of Holy Quran,42037.0,41802.0
11th,Sahiwal,2025,Urdu,42402.0,40564.0
11th,Sargodha,2024,Biology,9990.0,7667.0
11th,Sargodha,2024,Chemistry,12492.0,10039.0
11th,Sargodha,2024,Civics,7383.0,6845.0
11th,Sargodha,2024,Computer Science,21031.0,16139.0
11th,Sargodha,2024,Education,11142.0,8893.0
11th,Sargodha,2024,English,49437.0,36047.0
11th,Sargodha,2024,Health And Physical Education,16424.0,15814.0
11th,Sargodha,2024,Islamic Education,59542.0,57353.0
11th,Sargodha,2024,Mathematics,13518.0,9240.0
11th,Sargodha,2024,Physics,20921.0,15818.0
11th,Sargodha,2024,Sociology,3730.0,3241.0
11th,Sargodha,2024,Translation Of Holy Quran,48963.0,48359.0
11th,Sargodha,2024,Urdu,49408.0,45948.0
11th,Sargodha,2025,Biology,11065.0,8582.0
11th,Sargodha,2025,Chemistry,13117.0,10361.0
11th,Sargodha,2025,Civics,7649.0,7110.0
11th,Sargodha,2025,Computer Science,25186.0,19783.0
11th,Sargodha,2025,Economics,4071.0,3322.0
11th,Sargodha,2025,Education,10944.0,9250.0
11th,Sargodha,2025,English,54702.0,40571.0
11th,Sargodha,2025,Health And Physical Education,17643.0,16236.0
11th,Sargodha,2025,Islamic Education,63914.0,61708.0
11th,Sargodha,2025,Mathematics,15502.0,11867.0
11th,Sargodha,2025,Physics,23525.0,18803.0
11th,Sargodha,2025,Sociology,3957.0,3230.0
11th,Sargodha,2025,Statistics,1044.0,909.0
11th,Sargodha,2025,Translation Of Holy Quran,54207.0,53193.0
11th,Sargodha,2025,Urdu,54672.0,52391.0
11th,Swat,2024,Biology,23451.0,19250.0
11th,Swat,2024,Chemistry,25604.0,22545.0
11th,Swat,2024,Civics,5732.0,5462.0
11th,Swat,2024,Economics,1330.0,1287.0
11th,Swat,2024,Education,166.0,144.0
11th,Swat,2024,English,35266.0,33772.0
11th,Swat,2024,Hpe,2730.0,2498.0
11th,Swat,2024,Islamic Education,40730.0,38836.0
11th,Swat,2024,Islamic History,2270.0,2144.0
11th,Swat,2024,Mathematics,3901.0,1998.0
11th,Swat,2024,Mutalia Quran,33797.0,31583.0
11th,Swat,2024,Pakistan Study,33029.0,32209.0
11th,Swat,2024,Pashtu,2834.0,2706.0
11th,Swat,2024,Physics,26797.0,22940.0
11th,Swat,2024,Statistics,329.0,317.0
11th,Swat,2024,Urdu,35153.0,30890.0
11th,Swat,2024,Zoology,22626.0,22341.0
11th,Swat,2025,Botany,24956.0,21705.0
11th,Swat,2025,Chemistry,26434.0,20752.0
11th,Swat,2025,Civics,4277.0,4004.0
11th,Swat,2025,Computer Science,2748.0,2446.0
11th,Swat,2025,Economics,1310.0,1253.0
11th,Swat,2025,English,34137.0,27735.0
11th,Swat,2025,Hpe,2138.0,2046.0
11th,Swat,2025,Islamic Education,38596.0,37406.0
11th,Swat,2025,Mathematics,4350.0,1770.0
11th,Swat,2025,Mutaliae-Quran-E-Hakeem,34466.0,32378.0
11th,Swat,2025,Pakistan Studies,30129.0,28181.0
11th,Swat,2025,Physics,27711.0,16064.0
11th,Swat,2025,Urdu,34858.0,30507.0
12th,Abbottabad,2024,Arabic,489.0,473.0
12th,Abbottabad,2024,Archaeology,144.0,139.0
12th,Abbottabad,2024,Biology,17069.0,16855.0
12th,Abbottabad,2024,Chemistry,20996.0,19393.0
12th,Abbottabad,2024,Civics,8541.0,8288.0
12th,Abbottabad,2024,Clothing And Related Arts,7.0,7.0
12th,Abbottabad,2024,Computer Science,4965.0,4880.0
12th,Abbottabad,2024,Economics,1755.0,1693.0
12th,Abbottabad,2024,Education,684.0,634.0
12th,Abbottabad,2024,English,36808.0,35061.0
12th,Abbottabad,2024,Ethics,3.0,3.0
12th,Abbottabad,2024,Food And Nutrition,7.0,7.0
12th,Abbottabad,2024,General Mathematics,477.0,435.0
12th,Abbottabad,2024,Geography,344.0,337.0
12th,Abbottabad,2024,Health And Physical Education,3316.0,3269.0
12th,Abbottabad,2024,Home Economics,228.0,227.0
12th,Abbottabad,2024,Home Managment,7.0,7.0
12th,Abbottabad,2024,Islamic History,6537.0,6319.0
12th,Abbottabad,2024,Islamyat Elective,9123.0,8931.0
12th,Abbottabad,2024,Library Science,310.0,308.0
12th,Abbottabad,2024,Mathematics,8447.0,7847.0
12th,Abbottabad,2024,Microbiology,1.0,1.0
12th,Abbottabad,2024,Mutaliae-Quran-E-Hakeem,35498.0,35101.0
12th,Abbottabad,2024,Pakistan Studies,36399.0,35852.0
12th,Abbottabad,2024,Pakistani Culture,7.0,7.0
12th,Abbottabad,2024,Pashto,151.0,142.0
12th,Abbottabad,2024,Physics,24990.0,23871.0
12th,Abbottabad,2024,Psychology,374.0,370.0
12th,Abbottabad,2024,Statistics,898.0,868.0
12th,Abbottabad,2024,Urdu,37250.0,36153.0
12th,Abbottabad,2025,Arabic,436.0,423.0
12th,Abbottabad,2025,Archaeology,191.0,189.0
12th,Abbottabad,2025,Biology,17141.0,16894.0
12th,Abbottabad,2025,Chemistry,20604.0,19317.0
12th,Abbottabad,2025,Civics,9811.0,8897.0
12th,Abbottabad,2025,Clothing And Related Arts,13.0,13.0
12th,Abbottabad,2025,Computer Science,7157.0,6981.0
12th,Abbottabad,2025,Economics,2163.0,2031.0
12th,Abbottabad,2025,Education,582.0,535.0
12th,Abbottabad,2025,English,40598.0,38884.0
12th,Abbottabad,2025,Ethics,16.0,16.0
12th,Abbottabad,2025,Food And Nutrition,16.0,14.0
12th,Abbottabad,2025,General Mathematics,94.0,75.0
12th,Abbottabad,2025,Geography,519.0,510.0
12th,Abbottabad,2025,Health And Physical Education,4490.0,4453.0
12th,Abbottabad,2025,Home Economics,328.0,327.0
12th,Abbottabad,2025,Home Managment,13.0,13.0
12th,Abbottabad,2025,Islamic History,7380.0,6936.0
12th,Abbottabad,2025,Islamyat Elective,9847.0,9395.0
12th,Abbottabad,2025,Library Science,643.0,640.0
12th,Abbottabad,2025,Mathematics,10337.0,9535.0
12th,Abbottabad,2025,Mutaliae-Quran-E-Hakeem,39686.0,39161.0
12th,Abbottabad,2025,Pakistan Studies,39868.0,39008.0
12th,Abbottabad,2025,Pakistani Culture,5.0,5.0
12th,Abbottabad,2025,Pashto,121.0,118.0
12th,Abbottabad,2025,Physics,26986.0,26079.0
12th,Abbottabad,2025,Psychology,485.0,445.0
12th,Abbottabad,2025,Statistics,1131.0,1120.0
12th,Abbottabad,2025,Urdu,41441.0,40608.0
12th,Bahawalpur,2024,Arabic,1603.0,1524.0
12th,Bahawalpur,2024,Banking,239.0,239.0
12th,Bahawalpur,2024,Biology,20997.0,18316.0
12th,Bahawalpur,2024,Business Mathematics,14.0,12.0
12th,Bahawalpur,2024,Business Statistics,244.0,218.0
12th,Bahawalpur,2024,Chemistry,24834.0,19623.0
12th,Bahawalpur,2024,Civics,5103.0,4524.0
12th,Bahawalpur,2024,Commercial Geography,240.0,240.0
12th,Bahawalpur,2024,Computer Science,20634.0,15936.0
12th,Bahawalpur,2024,Economics,7681.0,6713.0
12th,Bahawalpur,2024,Education,7690.0,7211.0
12th,Bahawalpur,2024,English,66585.0,41165.0
12th,Bahawalpur,2024,English Literature,74.0,68.0
12th,Bahawalpur,2024,Ethics-I,16.0,16.0
12th,Bahawalpur,2024,Ethics-Ii,310.0,310.0
12th,Bahawalpur,2024,Fine Arts,88.0,88.0
12th,Bahawalpur,2024,Geography,420.0,420.0
12th,Bahawalpur,2024,Health And Physical Education,6943.0,6887.0
12th,Bahawalpur,2024,History Of Islam,168.0,147.0
12th,Bahawalpur,2024,History Of Islam-Ii (Abbasi Of,978.0,834.0
12th,Bahawalpur,2024,History Of Islam-Ii (Muslims,39.0,35.0
12th,Bahawalpur,2024,History Of Modern World,8.0,4.0
12th,Bahawalpur,2024,History Of Pakistan,514.0,433.0
12th,Bahawalpur,2024,Islamic Education,12148.0,11488.0
12th,Bahawalpur,2024,Library Science,2346.0,2311.0
12th,Bahawalpur,2024,Mathematics,19371.0,10648.0
12th,Bahawalpur,2024,Out Line Of Home Economics,255.0,255.0
12th,Bahawalpur,2024,Pakistan Studies,48124.0,47157.0
12th,Bahawalpur,2024,Persian,3587.0,3577.0
12th,Bahawalpur,2024,Philosophy,38.0,19.0
12th,Bahawalpur,2024,Physics,33072.0,26126.0
12th,Bahawalpur,2024,Principles Of Accounting,267.0,254.0
12th,Bahawalpur,2024,Principles Of Commerce,15.0,14.0
12th,Bahawalpur,2024,Principles Of Economics,82.0,76.0
12th,Bahawalpur,2024,Psychology,2016.0,1943.0
12th,Bahawalpur,2024,Punjabi,1463.0,1458.0
12th,Bahawalpur,2024,Religious Education,2.0,2.0
12th,Bahawalpur,2024,Saraiki,1242.0,1240.0
12th,Bahawalpur,2024,Sociology,1719.0,1684.0
12th,Bahawalpur,2024,Statistics,3033.0,2325.0
12th,Bahawalpur,2024,Translation Of Holy Quran,48763.0,48536.0
12th,Bahawalpur,2024,Urdu,53348.0,51042.0
12th,Bahawalpur,2024,Urdu Advance,94.0,94.0
12th,Bahawalpur,2025,Arabic,1539.0,1399.0
12th,Bahawalpur,2025,Banking,223.0,214.0
12th,Bahawalpur,2025,Biology,15977.0,12785.0
12th,Bahawalpur,2025,Business Mathematics,21.0,14.0
12th,Bahawalpur,2025,Business Statistics,238.0,224.0
12th,Bahawalpur,2025,Chemistry,19138.0,15703.0
12th,Bahawalpur,2025,Civics,5176.0,4720.0
12th,Bahawalpur,2025,Commercial Geography,235.0,222.0
12th,Bahawalpur,2025,Computer Science,25527.0,20937.0
12th,Bahawalpur,2025,Computer Studies-Ii,12.0,12.0
12th,Bahawalpur,2025,Economics,8391.0,7062.0
12th,Bahawalpur,2025,Education,8388.0,7768.0
12th,Bahawalpur,2025,English,65131.0,43078.0
12th,Bahawalpur,2025,English Literature,61.0,59.0
12th,Bahawalpur,2025,Ethics-I,12.0,12.0
12th,Bahawalpur,2025,Ethics-Ii,280.0,280.0
12th,Bahawalpur,2025,Fine Arts,112.0,112.0
12th,Bahawalpur,2025,Geography,596.0,593.0
12th,Bahawalpur,2025,Health And Physical Education,7430.0,7274.0
12th,Bahawalpur,2025,History Of Islam,181.0,165.0
12th,Bahawalpur,2025,History Of Islam-Ii,990.0,897.0
12th,Bahawalpur,2025,History Of Islamic Hind,7.0,7.0
12th,Bahawalpur,2025,History Of Modern World,3.0,2.0
12th,Bahawalpur,2025,History Of Pakistan,359.0,265.0
12th,Bahawalpur,2025,Islamic Education,13358.0,12916.0
12th,Bahawalpur,2025,Library Science,2854.0,2814.0
12th,Bahawalpur,2026,Arabic,1356.0,1254.0
12th,Bahawalpur,2026,Banking,174.0,174.0
12th,Bahawalpur,2026,Biology,17411.0,14137.0
12th,Bahawalpur,2026,Business Mathematics,24.0,20.0
12th,Bahawalpur,2026,Business Stat,172.0,160.0
12th,Bahawalpur,2026,Chemistry,20021.0,14775.0
12th,Bahawalpur,2026,Civics,5270.0,4824.0
12th,Bahawalpur,2026,Commercial Geography,173.0,172.0
12th,Bahawalpur,2026,Computer Science,27656.0,21825.0
12th,Bahawalpur,2026,Computer Science-I,2752.0,926.0
12th,Bahawalpur,2026,Economics,9148.0,7685.0
12th,Bahawalpur,2026,Education,8199.0,7487.0
12th,Bahawalpur,2026,English,69935.0,45033.0
12th,Bahawalpur,2026,English Literature,93.0,87.0
12th,Bahawalpur,2026,Ethics For Non Muslims,388.0,388.0
12th,Bahawalpur,2026,Fine Arts,126.0,126.0
12th,Bahawalpur,2026,Geography,730.0,722.0
12th,Bahawalpur,2026,Health And Physical Education,7500.0,7325.0
12th,Bahawalpur,2026,History Of Islam,1219.0,958.0
12th,Bahawalpur,2026,History Of Islamic Hind,2.0,1.0
12th,Bahawalpur,2026,History Of Modern World,4.0,4.0
12th,Bahawalpur,2026,History Of Pakistan,309.0,229.0
12th,Bahawalpur,2026,Islamic Education,12840.0,12392.0
12th,Bahawalpur,2026,Library Science,2921.0,2849.0
12th,Bahawalpur,2026,Mathematics,25065.0,14491.0
12th,Bahawalpur,2026,Out Line Of Home Economics,378.0,378.0
12th,Bahawalpur,2026,Pakistan Studies,52425.0,50790.0
12th,Bahawalpur,2026,Persian,3812.0,3792.0
12th,Bahawalpur,2026,Philosophy,46.0,45.0
12th,Bahawalpur,2026,Physics,34758.0,24867.0
12th,Bahawalpur,2026,Principles Of Accounting,209.0,194.0
12th,Bahawalpur,2026,Principles Of Commerce,16.0,16.0
12th,Bahawalpur,2026,Principles Of Economics,52.0,34.0
12th,Bahawalpur,2026,Psychology,2237.0,2148.0
12th,Bahawalpur,2026,Punjabi,1474.0,1459.0
12th,Bahawalpur,2026,Religious Education,24.0,24.0
12th,Bahawalpur,2026,Saraiki,1487.0,1472.0
12th,Bahawalpur,2026,Sociology,2233.0,2200.0
12th,Bahawalpur,2026,Statistics,3849.0,2753.0
12th,Bahawalpur,2026,Tarjuma-Tul-Quran-Ul-Majeed,54523.0,53964.0
12th,Bahawalpur,2026,Urdu,52921.0,51154.0
12th,Bahawalpur,2026,Urdu Advance,219.0,137.0
12th,Bahawalpur,2026,Urdu-I,4140.0,3119.0
12th,DG Khan,2024,Arabic,572.0,518.0
12th,DG Khan,2024,Biology,29443.0,24498.0
12th,DG Khan,2024,Business Mathematics And Statistics,183.0,167.0
12th,DG Khan,2024,Chemistry,32429.0,26057.0
12th,DG Khan,2024,Civics,3777.0,3614.0
12th,DG Khan,2024,Computer Science,11003.0,8493.0
12th,DG Khan,2024,Economics,5447.0,5036.0
12th,DG Khan,2024,Education,8362.0,7891.0
12th,DG Khan,2024,English,56040.0,44232.0
12th,DG Khan,2024,Fine Art,195.0,178.0
12th,DG Khan,2024,Geography,1347.0,1323.0
12th,DG Khan,2024,Health And Physical Education,5491.0,5338.0
12th,DG Khan,2024,History Of Islam,629.0,554.0
12th,DG Khan,2024,History Of Jadeed Dunya,184.0,168.0
12th,DG Khan,2024,History Of Pakistan,733.0,641.0
12th,DG Khan,2024,Islamic Education,11114.0,10714.0
12th,DG Khan,2024,Library Science,790.0,773.0
12th,DG Khan,2024,Mathematics,11407.0,7327.0
12th,DG Khan,2024,Outlines Of Home Economics,344.0,326.0
12th,DG Khan,2024,Pakistan Studies,50989.0,49894.0
12th,DG Khan,2024,Pakistani Culture,366.0,313.0
12th,DG Khan,2024,Persian,314.0,298.0
12th,DG Khan,2024,Philosophy,209.0,193.0
12th,DG Khan,2024,Physics,37265.0,32680.0
12th,DG Khan,2024,Principles Of Acounting,368.0,338.0
12th,DG Khan,2024,Principles Of Commerce And Banking,366.0,340.0
12th,DG Khan,2024,Principles Of Economics And Commercial Geography,366.0,343.0
12th,DG Khan,2024,Psychology,447.0,360.0
12th,DG Khan,2024,Punjabi,1050.0,1015.0
12th,DG Khan,2024,Saraiki,1609.0,1583.0
12th,DG Khan,2024,Sociology,5279.0,5084.0
12th,DG Khan,2024,Statistics,336.0,290.0
12th,DG Khan,2024,Urdu,52707.0,50739.0
12th,DG Khan,2025,Arabic,513.0,506.0
12th,DG Khan,2025,Biology,24264.0,21385.0
12th,DG Khan,2025,Business Mathematics And Statistics,156.0,142.0
12th,DG Khan,2025,Chemistry,26400.0,21423.0
12th,DG Khan,2025,Civics,3187.0,3072.0
12th,DG Khan,2025,Computer Science,15652.0,12157.0
12th,DG Khan,2025,Economics,6495.0,6089.0
12th,DG Khan,2025,Education,7369.0,7035.0
12th,DG Khan,2025,English,50705.0,41326.0
12th,DG Khan,2025,Fine Art,50.0,38.0
12th,DG Khan,2025,Geography,1019.0,998.0
12th,DG Khan,2025,Health And Physical Education,5151.0,4892.0
12th,DG Khan,2025,History Of Islam,474.0,421.0
12th,DG Khan,2025,History Of Islamic Hind,36.0,24.0
12th,DG Khan,2025,History Of Pakistan,452.0,359.0
12th,DG Khan,2025,Islamic Education,8734.0,8278.0
12th,DG Khan,2025,Library Science,607.0,594.0
12th,DG Khan,2025,Mathematics,13981.0,10062.0
12th,DG Khan,2025,Outlines Of Home Economics,296.0,281.0
12th,DG Khan,2025,Pakistan Studies,47670.0,47084.0
12th,DG Khan,2025,Pakistani Culture,189.0,139.0
12th,DG Khan,2025,Persian,288.0,272.0
12th,DG Khan,2025,Philosophy,186.0,167.0
12th,DG Khan,2025,Physics,33680.0,31115.0
12th,DG Khan,2025,Principles Of Acounting,189.0,157.0
12th,DG Khan,2025,Principles Of Commerce And Banking,189.0,171.0
12th,DG Khan,2025,Principles Of Economics And Commercial Geography,189.0,158.0
12th,DG Khan,2025,Psychology,381.0,310.0
12th,DG Khan,2025,Punjabi,799.0,770.0
12th,DG Khan,2025,Saraiki,1685.0,1660.0
12th,DG Khan,2025,Sociology,4673.0,4533.0
12th,DG Khan,2025,Statistics,320.0,268.0
12th,DG Khan,2025,Translation Of Holy Quran,156.0,140.0
12th,DG Khan,2025,Urdu,49219.0,47837.0
12th,DG Khan,2026,Arabic,494.0,491.0
12th,DG Khan,2026,Biology,23646.0,22932.0
12th,DG Khan,2026,Business Mathematics And Statistics,143.0,134.0
12th,DG Khan,2026,Chemistry,25708.0,23721.0
12th,DG Khan,2026,Civics,2822.0,2730.0
12th,DG Khan,2026,Computer Science,20930.0,20054.0
12th,DG Khan,2026,Economics,7284.0,6819.0
12th,DG Khan,2026,Education,7470.0,7203.0
12th,DG Khan,2026,English,55210.0,48121.0
12th,DG Khan,2026,Ethics,113.0,113.0
12th,DG Khan,2026,Fine Art,20.0,20.0
12th,DG Khan,2026,Geography,1070.0,1070.0
12th,DG Khan,2026,Health And Physical Education,5255.0,5241.0
12th,DG Khan,2026,History Of Islam,335.0,318.0
12th,DG Khan,2026,History Of Pakistan,284.0,184.0
12th,DG Khan,2026,Islamic Education,9940.0,9724.0
12th,DG Khan,2026,Library Science,630.0,630.0
12th,DG Khan,2026,Mathematics,16675.0,11125.0
12th,DG Khan,2026,Outlines Of Home Economics,189.0,189.0
12th,DG Khan,2026,Pakistan Studies,52221.0,51786.0
12th,DG Khan,2026,Persian,51.0,51.0
12th,DG Khan,2026,Philosophy,19.0,15.0
12th,DG Khan,2026,Physics,35391.0,34223.0
12th,DG Khan,2026,Principles Of Accounting,143.0,139.0
12th,DG Khan,2026,Principles Of Commerce And Banking,138.0,137.0
12th,DG Khan,2026,Psychology,157.0,157.0
12th,DG Khan,2026,Punjabi,524.0,522.0
12th,DG Khan,2026,Saraiki,1545.0,1545.0
12th,DG Khan,2026,Sociology,4714.0,4580.0
12th,DG Khan,2026,Statistics,195.0,188.0
12th,DG Khan,2026,Translation Of Holy Quran,52237.0,52203.0
12th,DG Khan,2026,Urdu,53351.0,52359.0
12th,Faisalabad,2024,Arabic,2232.0,2192.0
12th,Faisalabad,2024,Banking,3164.0,3090.0
12th,Faisalabad,2024,Biology,27203.0,25343.0
12th,Faisalabad,2024,Chemistry,33777.0,31746.0
12th,Faisalabad,2024,Civics,9380.0,8699.0
12th,Faisalabad,2024,Commercial Geography,3193.0,3080.0
12th,Faisalabad,2024,Computer Science,28558.0,25464.0
12th,Faisalabad,2024,Economics,6843.0,6588.0
12th,Faisalabad,2024,Education,19236.0,18469.0
12th,Faisalabad,2024,English,95815.0,80182.0
12th,Faisalabad,2024,English Elective,47.0,41.0
12th,Faisalabad,2024,Ethics,1246.0,1234.0
12th,Faisalabad,2024,Fine Arts,74.0,74.0
12th,Faisalabad,2024,Geography,3173.0,3072.0
12th,Faisalabad,2024,Health And Physical Education,13954.0,13726.0
12th,Faisalabad,2024,History Of Islam,2325.0,2123.0
12th,Faisalabad,2024,History Of Islami Hind.,47.0,35.0
12th,Faisalabad,2024,History Of Modern World,2.0,0.0
12th,Faisalabad,2024,History Of Pakistan,633.0,575.0
12th,Faisalabad,2024,Islamic Education,20980.0,20372.0
12th,Faisalabad,2024,Islamic History And Culture,55.0,54.0
12th,Faisalabad,2024,Library Science,1195.0,1154.0
12th,Faisalabad,2024,Mathematics,26386.0,20969.0
12th,Faisalabad,2024,Outlines Of Home-Economics,1563.0,1525.0
12th,Faisalabad,2024,Pakistan Studies,89535.0,88707.0
12th,Faisalabad,2024,Pakistani Culture,2.0,2.0
12th,Faisalabad,2024,Persian,1811.0,1797.0
12th,Faisalabad,2024,Philosophy,215.0,214.0
12th,Faisalabad,2024,Physics,47487.0,44017.0
12th,Faisalabad,2024,Principles Of Accounting,3167.0,3061.0
12th,Faisalabad,2024,Psychology,3312.0,3268.0
12th,Faisalabad,2024,Punjabi,3936.0,3903.0
12th,Faisalabad,2024,Sociology,5300.0,5186.0
12th,Faisalabad,2024,Statistics,4658.0,4382.0
12th,Faisalabad,2024,Translation Of The Holy Quran,87263.0,86671.0
12th,Faisalabad,2024,Urdu,90658.0,85618.0
12th,Faisalabad,2024,Urdu Advance,166.0,149.0
12th,Faisalabad,2025,Applied Art,6.0,6.0
12th,Faisalabad,2025,Arabic,2350.0,2279.0
12th,Faisalabad,2025,Banking,3036.0,2975.0
12th,Faisalabad,2025,Biology,23120.0,21722.0
12th,Faisalabad,2025,Chemistry,28486.0,27132.0
12th,Faisalabad,2025,Child Development And Family Life,6.0,6.0
12th,Faisalabad,2025,Civics,9679.0,9214.0
12th,Faisalabad,2025,Commercial Geography,3045.0,3001.0
12th,Faisalabad,2025,Computer Science,36213.0,32880.0
12th,Faisalabad,2025,Economics,7251.0,6916.0
12th,Faisalabad,2025,Education,21853.0,20947.0
12th,Faisalabad,2025,English,97083.0,80827.0
12th,Faisalabad,2025,English Elective,37.0,36.0
12th,Faisalabad,2025,Ethics,1159.0,1138.0
12th,Faisalabad,2025,Fine Arts,69.0,68.0
12th,Faisalabad,2025,Food And Nutrition,6.0,6.0
12th,Faisalabad,2025,Geography,3235.0,3138.0
12th,Faisalabad,2025,Health And Physical Education,14168.0,13943.0
12th,Faisalabad,2025,History Of Islam,1985.0,1706.0
12th,Faisalabad,2025,History Of Islami Hind.,36.0,35.0
12th,Faisalabad,2025,History Of Modern World,9.0,8.0
12th,Faisalabad,2025,History Of Pakistan,666.0,628.0
12th,Faisalabad,2025,Islamic Education,21543.0,20563.0
12th,Faisalabad,2025,Islamic History And Culture,79.0,77.0
12th,Faisalabad,2025,Library Science,1603.0,1554.0
12th,Faisalabad,2025,Mathematics,30046.0,25646.0
12th,Faisalabad,2025,Outlines Of Home-Economics,2316.0,2277.0
12th,Faisalabad,2025,Pakistan Studies,92147.0,91562.0
12th,Faisalabad,2025,Pakistani Culture,7.0,7.0
12th,Faisalabad,2025,Persian,1805.0,1789.0
12th,Faisalabad,2025,Philosophy,173.0,172.0
12th,Faisalabad,2025,Physics,46300.0,43687.0
12th,Faisalabad,2025,Principles Of Accounting,2999.0,2872.0
12th,Faisalabad,2025,Psychology,3684.0,3641.0
12th,Faisalabad,2025,Punjabi,4031.0,3913.0
12th,Faisalabad,2025,Sociology,5837.0,5642.0
12th,Faisalabad,2025,Statistics,4492.0,4159.0
12th,Faisalabad,2025,Translation Of The Holy Quran,90053.0,89695.0
12th,Faisalabad,2025,Urdu,93226.0,88655.0
12th,Faisalabad,2025,Urdu Advance,240.0,235.0
12th,Faisalabad,2026,Applied Art,8.0,8.0
12th,Faisalabad,2026,Arabic,2103.0,1998.0
12th,Faisalabad,2026,Banking,2576.0,2501.0
12th,Faisalabad,2026,Biology,22551.0,21296.0
12th,Faisalabad,2026,Chemistry,27186.0,24978.0
12th,Faisalabad,2026,Child Development And Family Life,8.0,8.0
12th,Faisalabad,2026,Civics,10363.0,9492.0
12th,Faisalabad,2026,Commercial Geography,2567.0,2520.0
12th,Faisalabad,2026,Computer Science,44322.0,39449.0
12th,Faisalabad,2026,Economics,7738.0,7327.0
12th,Faisalabad,2026,Education,23343.0,22384.0
12th,Faisalabad,2026,English,103408.0,85688.0
12th,Faisalabad,2026,English Elective,45.0,43.0
12th,Faisalabad,2026,Ethics,1586.0,1576.0
12th,Faisalabad,2026,Fine Arts,54.0,54.0
12th,Faisalabad,2026,Food And Nutrition,8.0,8.0
12th,Faisalabad,2026,Geography,3259.0,3189.0
12th,Faisalabad,2026,Health And Physical Education,14515.0,14288.0
12th,Faisalabad,2026,History Of Islam,2051.0,1801.0
12th,Faisalabad,2026,History Of Islami Hind.,15.0,4.0
12th,Faisalabad,2026,History Of Modern World,8.0,4.0
12th,Faisalabad,2026,History Of Pakistan,632.0,490.0
12th,Faisalabad,2026,Islamic Education,23243.0,22243.0
12th,Faisalabad,2026,Islamic History And Culture,70.0,70.0
12th,Faisalabad,2026,Library Science,1714.0,1658.0
12th,Faisalabad,2026,Mathematics,33867.0,27961.0
12th,Faisalabad,2026,Outlines Of Home-Economics,2447.0,2413.0
12th,Faisalabad,2026,Pakistan Studies,97237.0,96644.0
12th,Faisalabad,2026,Pakistani Culture,5.0,5.0
12th,Faisalabad,2026,Persian,1752.0,1736.0
12th,Faisalabad,2026,Philosophy,202.0,160.0
12th,Faisalabad,2026,Physics,49971.0,47261.0
12th,Faisalabad,2026,Principles Of Accounting,2600.0,2446.0
12th,Faisalabad,2026,Psychology,3925.0,3877.0
12th,Faisalabad,2026,Punjabi,3591.0,3479.0
12th,Faisalabad,2026,Sociology,5759.0,5549.0
12th,Faisalabad,2026,Statistics,3897.0,3661.0
12th,Faisalabad,2026,Translation Of The Holy Quran,95885.0,95034.0
12th,Faisalabad,2026,Urdu,98412.0,95068.0
12th,Faisalabad,2026,Urdu Advance,150.0,147.0
12th,Gujranwala,2024,Applied Art,19.0,19.0
12th,Gujranwala,2024,Arabic,1856.0,1721.0
12th,Gujranwala,2024,Banking,9556.0,8745.0
12th,Gujranwala,2024,Biology,36596.0,32091.0
12th,Gujranwala,2024,Business Statistics,9680.0,8246.0
12th,Gujranwala,2024,Chemistry,45772.0,38736.0
12th,Gujranwala,2024,Child Development And Family Living,19.0,19.0
12th,Gujranwala,2024,Civics,21329.0,19443.0
12th,Gujranwala,2024,Commercial Geography,9586.0,9173.0
12th,Gujranwala,2024,Computer Science,36844.0,31401.0
12th,Gujranwala,2024,Computer Studies,156.0,144.0
12th,Gujranwala,2024,Economics,7776.0,6940.0
12th,Gujranwala,2024,Education,29373.0,26166.0
12th,Gujranwala,2024,English,132359.0,101754.0
12th,Gujranwala,2024,English Elective,104.0,94.0
12th,Gujranwala,2024,Ethics,1018.0,1015.0
12th,Gujranwala,2024,Fine Arts,233.0,231.0
12th,Gujranwala,2024,Food And Nutrition,20.0,19.0
12th,Gujranwala,2024,Geography,418.0,417.0
12th,Gujranwala,2024,Health And Physical Education,8444.0,8278.0
12th,Gujranwala,2024,History Of Indo-Pak,1.0,1.0
12th,Gujranwala,2024,History Of Islam,2520.0,1755.0
12th,Gujranwala,2024,History Of Modren World,2.0,2.0
12th,Gujranwala,2024,History Of Pakistan,795.0,542.0
12th,Gujranwala,2024,Islamic Education,34743.0,33023.0
12th,Gujranwala,2024,Library Science,912.0,911.0
12th,Gujranwala,2024,Mathematics,40719.0,27361.0
12th,Gujranwala,2024,Outlines Of Home Economics,1604.0,1597.0
12th,Gujranwala,2024,Pakistan Studies,124029.0,121580.0
12th,Gujranwala,2024,Pakistani Culture,4.0,4.0
12th,Gujranwala,2024,Persian,2964.0,2906.0
12th,Gujranwala,2024,Philosophy,112.0,111.0
12th,Gujranwala,2024,Physics,66038.0,57190.0
12th,Gujranwala,2024,Principles Of Accounting,9616.0,8787.0
12th,Gujranwala,2024,Psychology,3938.0,3730.0
12th,Gujranwala,2024,Punjabi,4883.0,4765.0
12th,Gujranwala,2024,Sociology,6020.0,5963.0
12th,Gujranwala,2024,Statistics,4658.0,4034.0
12th,Gujranwala,2024,Translation Of Holy Quran,121733.0,121255.0
12th,Gujranwala,2024,Urdu,125234.0,119747.0
12th,Gujranwala,2025,Applied Art,42.0,42.0
12th,Gujranwala,2025,Arabic,1920.0,1762.0
12th,Gujranwala,2025,Banking,9199.0,8233.0
12th,Gujranwala,2025,Biology,27730.0,23669.0
12th,Gujranwala,2025,Business Statistics,9528.0,9036.0
12th,Gujranwala,2025,Chemistry,34287.0,28971.0
12th,Gujranwala,2025,Child Development And Family Living,42.0,42.0
12th,Gujranwala,2025,Civics,21554.0,19538.0
12th,Gujranwala,2025,Civics For Non Muslim,55.0,52.0
12th,Gujranwala,2025,Commercial Geography,9412.0,8567.0
12th,Gujranwala,2025,Computer Science,44788.0,38125.0
12th,Gujranwala,2025,Computer Studies,217.0,206.0
12th,Gujranwala,2025,Economics,8420.0,7765.0
12th,Gujranwala,2025,Education,30643.0,26990.0
12th,Gujranwala,2025,English,126169.0,97987.0
12th,Gujranwala,2025,English Elective,115.0,111.0
12th,Gujranwala,2025,Ethics,1232.0,1227.0
12th,Gujranwala,2025,Fine Arts,223.0,221.0
12th,Gujranwala,2025,Food And Nutrition,42.0,42.0
12th,Gujranwala,2025,Geography,459.0,459.0
12th,Gujranwala,2025,Health And Physical Education,8739.0,8169.0
12th,Gujranwala,2025,History Of Indo-Pak,2.0,0.0
12th,Gujranwala,2025,History Of Islam,2190.0,1366.0
12th,Gujranwala,2025,History Of Modren World,3.0,1.0
12th,Gujranwala,2025,History Of Pakistan,880.0,696.0
12th,Gujranwala,2025,Islamic Education,34350.0,32683.0
12th,Gujranwala,2025,Library Science,1113.0,1083.0
12th,Gujranwala,2025,Mathematics,42508.0,31024.0
12th,Gujranwala,2025,Outlines Of Home Economics,1907.0,1907.0
12th,Gujranwala,2025,Pakistan Studies,119949.0,117564.0
12th,Gujranwala,2025,Pakistani Culture,6.0,6.0
12th,Gujranwala,2025,Persian,2536.0,2471.0
12th,Gujranwala,2025,Philosophy,173.0,130.0
12th,Gujranwala,2025,Physics,59025.0,53098.0
12th,Gujranwala,2025,Principles Of Accounting,9321.0,7949.0
12th,Gujranwala,2025,Psychology,3829.0,3650.0
12th,Gujranwala,2025,Punjabi,4386.0,4230.0
12th,Gujranwala,2025,Sociology,5950.0,5908.0
12th,Gujranwala,2025,Statistics,5127.0,4243.0
12th,Gujranwala,2025,Translation Of Holy Quran,117431.0,116725.0
12th,Gujranwala,2025,Urdu,120654.0,112344.0
12th,Kohat,2025,Arabic,135.0,130.0
12th,Kohat,2025,Archaeology,214.0,203.0
12th,Kohat,2025,Biology,16819.0,13702.0
12th,Kohat,2025,Chemistry,18604.0,14761.0
12th,Kohat,2025,Child Dev/Home Management,21.0,19.0
12th,Kohat,2025,Civics,3970.0,3358.0
12th,Kohat,2025,Clothing And Related Arts,21.0,20.0
12th,Kohat,2025,Computer Science,5400.0,4907.0
12th,Kohat,2025,Economics,453.0,435.0
12th,Kohat,2025,Education,35.0,33.0
12th,Kohat,2025,English,28767.0,23965.0
12th,Kohat,2025,English Advance,79.0,78.0
12th,Kohat,2025,Ethics,12.0,12.0
12th,Kohat,2025,Food And Nutrition,20.0,19.0
12th,Kohat,2025,General History,2.0,0.0
12th,Kohat,2025,Geography,190.0,189.0
12th,Kohat,2025,Health And Physical Education,1537.0,1410.0
12th,Kohat,2025,Islamic Education,4125.0,3954.0
12th,Kohat,2025,Islamic History,2735.0,2507.0
12th,Kohat,2025,Library Science,34.0,33.0
12th,Kohat,2025,Mathematics,7066.0,4135.0
12th,Kohat,2025,Maths General,51.0,44.0
12th,Kohat,2025,Mutaliae Quran-E-Hakeem,28029.0,26742.0
12th,Kohat,2025,Outline Of Home Economics,26.0,26.0
12th,Kohat,2025,Pakistan Studies,28424.0,23190.0
12th,Kohat,2025,Pashto,187.0,174.0
12th,Kohat,2025,Physics,23488.0,19000.0
12th,Kohat,2025,Psychology,201.0,193.0
12th,Kohat,2025,Sociology,18.0,18.0
12th,Kohat,2025,Statistics,452.0,407.0
12th,Kohat,2025,Urdu,28535.0,25246.0
12th,Kohat,2025,Urdu Advance,140.0,138.0
12th,Kohat,2026,Arabic,51.0,47.0
12th,Kohat,2026,Archaeology,127.0,117.0
12th,Kohat,2026,Biology,17329.0,9965.0
12th,Kohat,2026,Chemistry,18940.0,9975.0
12th,Kohat,2026,Child Dev/Home Management,37.0,35.0
12th,Kohat,2026,Civics,2893.0,2334.0
12th,Kohat,2026,Clothing And Related Arts,37.0,35.0
12th,Kohat,2026,Computer Science,6170.0,3781.0
12th,Kohat,2026,Economics,495.0,419.0
12th,Kohat,2026,Education,51.0,44.0
12th,Kohat,2026,English,28519.0,22073.0
12th,Kohat,2026,English Advance,25.0,20.0
12th,Kohat,2026,Ethics,16.0,16.0
12th,Kohat,2026,Fine Arts,16.0,0.0
12th,Kohat,2026,Food And Nutrition,38.0,38.0
12th,Kohat,2026,Geography,137.0,129.0
12th,Kohat,2026,Health And Physical Education,1528.0,1156.0
12th,Kohat,2026,Islamic Education,2907.0,2637.0
12th,Kohat,2026,Islamic History,1728.0,1506.0
12th,Kohat,2026,Library Science,38.0,38.0
12th,Kohat,2026,Mathematics,8470.0,3978.0
12th,Kohat,2026,Maths General,42.0,30.0
12th,Kohat,2026,Mutaliae Quran-E-Hakeem,27368.0,24442.0
12th,Kohat,2026,Outline Of Home Economics,14.0,14.0
12th,Kohat,2026,Pakistan Studies,28539.0,14818.0
12th,Kohat,2026,Pakistani Culture,1.0,1.0
12th,Kohat,2026,Pashto,142.0,131.0
12th,Kohat,2026,Physics,24313.0,12524.0
12th,Kohat,2026,Psychology,287.0,272.0
12th,Kohat,2026,Sociology,14.0,14.0
12th,Kohat,2026,Statistics,516.0,460.0
12th,Kohat,2026,Urdu,28076.0,25549.0
12th,Kohat,2026,Urdu Advance,227.0,219.0
12th,Lahore,2024,Applied Art,553.0,548.0
12th,Lahore,2024,Applied Science,8.0,8.0
12th,Lahore,2024,Arabic,2872.0,2812.0
12th,Lahore,2024,Basic Medical Sciences,8.0,8.0
12th,Lahore,2024,Biology,86597.0,78247.0
12th,Lahore,2024,Business Mathematics And Statistics,13226.0,10779.0
12th,Lahore,2024,Chemistry,109753.0,98993.0
12th,Lahore,2024,Child Development And Family Life,554.0,550.0
12th,Lahore,2024,Civics,21072.0,18839.0
12th,Lahore,2024,Civics For Non Muslim,155.0,148.0
12th,Lahore,2024,Clinical Pathology And Serology,60.0,60.0
12th,Lahore,2024,Computer Science,102249.0,92218.0
12th,Lahore,2024,Dental Hygiene,8.0,8.0
12th,Lahore,2024,Economics,7749.0,6709.0
12th,Lahore,2024,Education,33858.0,26763.0
12th,Lahore,2024,English,172790.0,125315.0
12th,Lahore,2024,English Elective,673.0,661.0
12th,Lahore,2024,Ethics For Non Muslims,2865.0,2848.0
12th,Lahore,2024,Fine Art,1568.0,1529.0
12th,Lahore,2024,Food And Nutrition,555.0,547.0
12th,Lahore,2024,French,110.0,110.0
12th,Lahore,2024,Geography,2216.0,2209.0
12th,Lahore,2024,Geology,38.0,32.0
12th,Lahore,2024,Health And Physical Education,16168.0,16058.0
12th,Lahore,2024,Hematology And Blood Banking,60.0,60.0
12th,Lahore,2024,History Of Islam,2584.0,2303.0
12th,Lahore,2024,History Of Modern World,16.0,12.0
12th,Lahore,2024,History Of Muslim India,21.0,21.0
12th,Lahore,2024,History Of Pakistan,1688.0,1412.0
12th,Lahore,2024,Islamic Education,29894.0,27252.0
12th,Lahore,2024,Library Science,888.0,849.0
12th,Lahore,2024,Mathematics,59878.0,36960.0
12th,Lahore,2024,Microbiology,60.0,60.0
12th,Lahore,2024,Military Science,7.0,7.0
12th,Lahore,2024,Music,89.0,87.0
12th,Lahore,2024,Nursing,22.0,17.0
12th,Lahore,2024,Outlines Of Home Economics,3401.0,3388.0
12th,Lahore,2024,Pakistan Studies,58764.0,58761.0
12th,Lahore,2024,Pakistani Culture,14.0,14.0
12th,Lahore,2024,Persian,4361.0,4179.0
12th,Lahore,2024,Philosophy,420.0,376.0
12th,Lahore,2024,Physics,174381.0,160508.0
12th,Lahore,2024,Principles Of Accounting,12849.0,12245.0
12th,Lahore,2024,Principles Of Commerce And Banking,8867.0,8801.0
12th,Lahore,2024,Principles Of Commerce And Computer Studies,22.0,22.0
12th,Lahore,2024,Principles Of Economics And Commercial Geography,12860.0,12469.0
12th,Lahore,2024,Psychology,8446.0,8364.0
12th,Lahore,2024,Punjabi,12533.0,11612.0
12th,Lahore,2024,Sociology,10756.0,10509.0
12th,Lahore,2024,Statistics,14949.0,12895.0
12th,Lahore,2024,Translation Of The Holy Quran,152744.0,150923.0
12th,Lahore,2024,Urdu,159620.0,150874.0
12th,Lahore,2024,Urdu Advance,721.0,682.0
12th,Lahore,2025,Applied Art,553.0,550.0
12th,Lahore,2025,Applied Science,10.0,10.0
12th,Lahore,2025,Arabic,3058.0,3001.0
12th,Lahore,2025,Basic Medical Sciences,10.0,10.0
12th,Lahore,2025,Business Mathematics And Statistics,11792.0,10054.0
12th,Lahore,2025,Child Development And Family Life,552.0,543.0
12th,Lahore,2025,Civics,22739.0,20682.0
12th,Lahore,2025,Civics For Non Muslim,103.0,103.0
12th,Lahore,2025,Clinical Pathology And Serology,66.0,66.0
12th,Lahore,2025,Computer Science,125195.0,114435.0
12th,Lahore,2025,Dental Hygiene,10.0,10.0
12th,Lahore,2025,Economics,8801.0,8025.0
12th,Lahore,2025,Education,35106.0,30615.0
12th,Lahore,2025,English,122431.0,81319.0
12th,Lahore,2025,English Elective,639.0,635.0
12th,Lahore,2025,Ethics For Non Muslims,1853.0,1825.0
12th,Lahore,2025,Fine Art,1665.0,1629.0
12th,Lahore,2025,Food And Nutrition,554.0,546.0
12th,Lahore,2025,French,142.0,106.0
12th,Lahore,2025,Geography,2551.0,2539.0
12th,Lahore,2025,Geology,86.0,73.0
12th,Lahore,2025,Health And Physical Education,15272.0,14941.0
12th,Lahore,2025,Hematology And Blood Banking,66.0,66.0
12th,Lahore,2025,History Of Islam,2550.0,2333.0
12th,Lahore,2025,History Of Modern World,39.0,39.0
12th,Lahore,2025,History Of Muslim India,37.0,35.0
12th,Lahore,2025,History Of Pakistan,1602.0,1308.0
12th,Lahore,2025,Islamic Education,28562.0,26500.0
12th,Lahore,2025,Library Science,1565.0,1492.0
12th,Lahore,2025,Mathematics,55104.0,32418.0
12th,Lahore,2025,Microbiology,66.0,63.0
12th,Lahore,2025,Military Science,10.0,10.0
12th,Lahore,2025,Music,73.0,72.0
12th,Lahore,2025,Nursing,38.0,38.0
12th,Lahore,2025,Outlines Of Home-Economics,3201.0,3187.0
12th,Lahore,2025,Pakistan Studies,113660.0,109958.0
12th,Lahore,2025,Pakistani Culture,4.0,4.0
12th,Lahore,2025,Persian,4813.0,4666.0
12th,Lahore,2025,Philosophy,526.0,498.0
12th,Lahore,2025,Physics,77497.0,68359.0
12th,Lahore,2025,Principles Of Accounting,11354.0,10325.0
12th,Lahore,2025,Principles Of Commerce And Banking,11366.0,10973.0
12th,Lahore,2025,Principles Of Commerce And Computer Studies,174.0,173.0
12th,Lahore,2025,Principles Of Economics And Commercial Geography,11516.0,10258.0
12th,Lahore,2025,Psychology,8473.0,8383.0
12th,Lahore,2025,Punjabi,11479.0,10928.0
12th,Lahore,2025,Sociology,11254.0,10837.0
12th,Lahore,2025,Statistics,16975.0,15558.0
12th,Lahore,2025,Translation Of The Holy Quran,110432.0,108973.0
12th,Lahore,2025,Urdu,114685.0,106685.0
12th,Lahore,2025,Urdu/Advance,780.0,737.0
12th,Lahore,2026,Applied Art,390.0,384.0
12th,Lahore,2026,Applied Science,12.0,12.0
12th,Lahore,2026,Arabic,3030.0,2977.0
12th,Lahore,2026,Basic Medical Sciences,12.0,12.0
12th,Lahore,2026,Biology,71274.0,67482.0
12th,Lahore,2026,Business Mathematics And Statistics,9713.0,8766.0
12th,Lahore,2026,Chemistry,85530.0,78374.0
12th,Lahore,2026,Child Development And Family Life,392.0,389.0
12th,Lahore,2026,Civics,21960.0,19926.0
12th,Lahore,2026,Civics For Non Muslim,106.0,106.0
12th,Lahore,2026,Clinical Pathology And Serology,34.0,34.0
12th,Lahore,2026,Commercial Practice,34.0,34.0
12th,Lahore,2026,Computer Science,150263.0,138368.0
12th,Lahore,2026,Dental Hygiene,12.0,12.0
12th,Lahore,2026,Economics,9410.0,8836.0
12th,Lahore,2026,Education,34022.0,31060.0
12th,Lahore,2026,English,172156.0,131603.0
12th,Lahore,2026,English Elective,622.0,601.0
12th,Lahore,2026,Ethics For Non Muslims,3414.0,3395.0
12th,Lahore,2026,Fine Art,1485.0,1474.0
12th,Lahore,2026,Food And Nutrition,393.0,389.0
12th,Lahore,2026,French,67.0,64.0
12th,Lahore,2026,Geography,3080.0,3075.0
12th,Lahore,2026,Geology,54.0,54.0
12th,Lahore,2026,Health And Physical Education,14916.0,14674.0
12th,Lahore,2026,Hematology And Blood Banking,34.0,34.0
12th,Lahore,2026,History Of Islam,2183.0,1980.0
12th,Lahore,2026,History Of Modern World,22.0,22.0
12th,Lahore,2026,History Of Muslim India,67.0,67.0
12th,Lahore,2026,History Of Pakistan,1590.0,1435.0
12th,Lahore,2026,Islamic Education,29037.0,27646.0
12th,Lahore,2026,Library Science,1391.0,1329.0
12th,Lahore,2026,Mathematics,73025.0,42841.0
12th,Lahore,2026,Microbiology,34.0,34.0
12th,Lahore,2026,Military Science,8.0,7.0
12th,Lahore,2026,Music,69.0,67.0
12th,Lahore,2026,Nursing,24.0,24.0
12th,Lahore,2026,Outlines Of Home-Economics,3642.0,3635.0
12th,Lahore,2026,Pakistan Studies,160845.0,159528.0
12th,Lahore,2026,Pakistani Culture,19.0,19.0
12th,Lahore,2026,Persian,4431.0,4364.0
12th,Lahore,2026,Philosophy,455.0,438.0
12th,Lahore,2026,Physics,177860.0,167452.0
12th,Lahore,2026,Principles Of Accounting,9635.0,9032.0
12th,Lahore,2026,Principles Of Commerce And Banking,9409.0,9277.0
12th,Lahore,2026,Principles Of Commerce And Computer Studies,121.0,120.0
12th,Lahore,2026,Principles Of Economics And Commercial Geography,9588.0,8827.0
12th,Lahore,2026,Psychology,8554.0,8510.0
12th,Lahore,2026,Punjabi,9576.0,8940.0
12th,Lahore,2026,Sociology,11241.0,11071.0
12th,Lahore,2026,Statistics,17793.0,15943.0
12th,Lahore,2026,Translation Of The Holy Quran,157982.0,156855.0
12th,Lahore,2026,Urdu,162408.0,156951.0
12th,Lahore,2026,Urdu/Advance,637.0,519.0
12th,Peshawar,2024,Al Adab Al Arabi,17.0,17.0
12th,Peshawar,2024,Al Hadith With Usool E Hadith,17.0,17.0
12th,Peshawar,2024,Arabic,895.0,867.0
12th,Peshawar,2024,Archaeology,657.0,635.0
12th,Peshawar,2024,Biology,34002.0,32755.0
12th,Peshawar,2024,Chemistry,38594.0,37224.0
12th,Peshawar,2024,Child Development,62.0,61.0
12th,Peshawar,2024,Civics,10988.0,10600.0
12th,Peshawar,2024,Clinical Pathology And Serology,1.0,1.0
12th,Peshawar,2024,Clothing And Related Arts,236.0,233.0
12th,Peshawar,2024,Computer Science,9086.0,8680.0
12th,Peshawar,2024,Economics,2425.0,2325.0
12th,Peshawar,2024,Education,1206.0,1124.0
12th,Peshawar,2024,English,62799.0,61237.0
12th,Peshawar,2024,Ethics,269.0,253.0
12th,Peshawar,2024,Fine Arts,68.0,67.0
12th,Peshawar,2024,Food And Nutrition,237.0,235.0
12th,Peshawar,2024,General History,26.0,14.0
12th,Peshawar,2024,General Maths,831.0,697.0
12th,Peshawar,2024,Geography,527.0,514.0
12th,Peshawar,2024,Health And Phy. Education,4621.0,4441.0
12th,Peshawar,2024,Hematology / Blood Banking,1.0,0.0
12th,Peshawar,2024,Home Economics,7.0,7.0
12th,Peshawar,2024,Home Management,174.0,174.0
12th,Peshawar,2024,Islamic Education,14717.0,13862.0
12th,Peshawar,2024,Islamic History,6011.0,5846.0
12th,Peshawar,2024,Library Science,790.0,711.0
12th,Peshawar,2024,Mathematics,12252.0,11758.0
12th,Peshawar,2024,Micro Biology,1.0,0.0
12th,Peshawar,2024,Mutala E Quran Hakeem,59828.0,58867.0
12th,Peshawar,2024,Pakistan Studies,57859.0,56936.0
12th,Peshawar,2024,Pakistani Culture,24.0,21.0
12th,Peshawar,2024,Pashto,2585.0,2515.0
12th,Peshawar,2024,Persian,1.0,1.0
12th,Peshawar,2024,Philosophy,109.0,108.0
12th,Peshawar,2024,Physics,45663.0,43754.0
12th,Peshawar,2024,Psychology,707.0,698.0
12th,Peshawar,2024,Sociology,433.0,382.0
12th,Peshawar,2024,Statistics Paper,1588.0,1563.0
12th,Peshawar,2024,Urdu,64297.0,62443.0
12th,Peshawar,2025,Al Adab Al Arabi,16.0,16.0
12th,Peshawar,2025,Al Hadith With Usool E Hadith,16.0,15.0
12th,Peshawar,2025,Arabic,770.0,738.0
12th,Peshawar,2025,Archaeology,496.0,483.0
12th,Peshawar,2025,Biology,34869.0,30799.0
12th,Peshawar,2025,Chemistry,38438.0,33501.0
12th,Peshawar,2025,Child Development,44.0,44.0
12th,Peshawar,2025,Civics,10003.0,9408.0
12th,Peshawar,2025,Clothing Andamp; Related Arts,190.0,183.0
12th,Peshawar,2025,Computer Science,11740.0,10318.0
12th,Peshawar,2025,Economics,2450.0,2287.0
12th,Peshawar,2025,Education,1043.0,997.0
12th,Peshawar,2025,English,64771.0,61178.0
12th,Peshawar,2025,Ethics,281.0,269.0
12th,Peshawar,2025,Fine Arts,37.0,36.0
12th,Peshawar,2025,Food And Nutrition,191.0,185.0
12th,Peshawar,2025,General History,14.0,12.0
12th,Peshawar,2025,General Maths,709.0,563.0
12th,Peshawar,2025,Geography,500.0,481.0
12th,Peshawar,2025,Health And Phy. Education,4425.0,4067.0
12th,Peshawar,2025,Home Economics,6.0,5.0
12th,Peshawar,2025,Home Management,147.0,144.0
12th,Peshawar,2025,Islamic Education,12517.0,11120.0
12th,Peshawar,2025,Islamic History,5215.0,4866.0
12th,Peshawar,2025,Library Science,1036.0,846.0
12th,Peshawar,2025,Mathematics,14845.0,9253.0
12th,Peshawar,2025,Mutala E Quran Hakeem,61462.0,58920.0
12th,Peshawar,2025,Pakistan Studies,59592.0,56107.0
12th,Peshawar,2025,Pakistani Culture,42.0,37.0
12th,Peshawar,2025,Pashto,2219.0,2136.0
12th,Peshawar,2025,Persian,2.0,2.0
12th,Peshawar,2025,Philosophy,57.0,54.0
12th,Peshawar,2025,Physics,50676.0,44077.0
12th,Peshawar,2025,Psychology,799.0,766.0
12th,Peshawar,2025,Sociology,468.0,409.0
12th,Peshawar,2025,Statistics Paper,1539.0,1446.0
12th,Peshawar,2025,Urdu,66033.0,62512.0
12th,Peshawar,2026,Al Adab Al Arabi,10.0,10.0
12th,Peshawar,2026,Al Hadith With Usool E Hadith,12.0,12.0
12th,Peshawar,2026,Arabic,685.0,663.0
12th,Peshawar,2026,Archaeology,474.0,406.0
12th,Peshawar,2026,Biology,37719.0,33107.0
12th,Peshawar,2026,Chemistry,45158.0,35342.0
12th,Peshawar,2026,Child Development,66.0,64.0
12th,Peshawar,2026,Civics,8170.0,7702.0
12th,Peshawar,2026,Clothing And Related Arts,232.0,226.0
12th,Peshawar,2026,Computer Science,14098.0,11236.0
12th,Peshawar,2026,Economics,2204.0,2059.0
12th,Peshawar,2026,Education,894.0,752.0
12th,Peshawar,2026,English,68011.0,61584.0
12th,Peshawar,2026,Ethics,336.0,306.0
12th,Peshawar,2026,Fine Arts,34.0,34.0
12th,Peshawar,2026,Food And Nutrition,229.0,224.0
12th,Peshawar,2026,General History,2.0,2.0
12th,Peshawar,2026,General Maths,591.0,243.0
12th,Peshawar,2026,Geography,577.0,541.0
12th,Peshawar,2026,Health And Phy. Education,3822.0,3642.0
12th,Peshawar,2026,Home Economics,14.0,14.0
12th,Peshawar,2026,Home Management,158.0,156.0
12th,Peshawar,2026,Islamic Education,9541.0,8240.0
12th,Peshawar,2026,Islamic History,4323.0,3685.0
12th,Peshawar,2026,Library Science,908.0,860.0
12th,Peshawar,2026,Mathematics,20043.0,11423.0
12th,Peshawar,2026,Mutala E Quran Hakeem,62965.0,58058.0
12th,Peshawar,2026,Pakistan Studies,62903.0,41446.0
12th,Peshawar,2026,Pakistani Culture,80.0,78.0
12th,Peshawar,2026,Pashto,1641.0,1574.0
12th,Peshawar,2026,Persian,1.0,1.0
12th,Peshawar,2026,Philosophy,57.0,55.0
12th,Peshawar,2026,Physics,59282.0,44652.0
12th,Peshawar,2026,Psychology,781.0,769.0
12th,Peshawar,2026,Sociology,472.0,454.0
12th,Peshawar,2026,Statistics Paper,1726.0,1591.0
12th,Peshawar,2026,Urdu,67685.0,64273.0
12th,Rawalpindi,2024,Arabic,1995.0,1799.0
12th,Rawalpindi,2024,Biology,11425.0,9906.0
12th,Rawalpindi,2024,Business Math And Statistics,2406.0,2040.0
12th,Rawalpindi,2024,Chemistry,16353.0,13575.0
12th,Rawalpindi,2024,Civics,5936.0,4282.0
12th,Rawalpindi,2024,Commercial Practice,1.0,1.0
12th,Rawalpindi,2024,Computer Science,22559.0,19764.0
12th,Rawalpindi,2024,Economics,4805.0,3989.0
12th,Rawalpindi,2024,Education,11662.0,9147.0
12th,Rawalpindi,2024,English,57291.0,42594.0
12th,Rawalpindi,2024,English Elective,51.0,38.0
12th,Rawalpindi,2024,Ethics,444.0,420.0
12th,Rawalpindi,2024,Fine Art,95.0,77.0
12th,Rawalpindi,2024,Geography,932.0,930.0
12th,Rawalpindi,2024,Health And Physical Education,4168.0,4091.0
12th,Rawalpindi,2024,History,3025.0,1981.0
12th,Rawalpindi,2024,Islamic Education,12050.0,10652.0
12th,Rawalpindi,2024,Library Science,317.0,301.0
12th,Rawalpindi,2024,Mathematics,25581.0,16392.0
12th,Rawalpindi,2024,Military Science,5.0,5.0
12th,Rawalpindi,2024,Outlines Of Home Economics,598.0,591.0
12th,Rawalpindi,2024,Pakistan Studies,53437.0,51337.0
12th,Rawalpindi,2024,Pakistani Culture,1.0,1.0
12th,Rawalpindi,2024,Persian,522.0,421.0
12th,Rawalpindi,2024,Philosophy,211.0,197.0
12th,Rawalpindi,2024,Physics,32713.0,25083.0
12th,Rawalpindi,2024,Princip. Of Commerce And Banking/Csd,2371.0,2052.0
12th,Rawalpindi,2024,Princip. Of Eco. And Comm. Geography,2351.0,2251.0
12th,Rawalpindi,2024,Principles Of Accounting,2385.0,2120.0
12th,Rawalpindi,2024,Psychology,1744.0,1688.0
12th,Rawalpindi,2024,Punjabi,398.0,366.0
12th,Rawalpindi,2024,Sociology,3744.0,3487.0
12th,Rawalpindi,2024,Statistics,1759.0,1465.0
12th,Rawalpindi,2024,Tarjama Tul Quran Ul Majeed,52252.0,51459.0
12th,Rawalpindi,2024,Urdu,54172.0,51072.0
12th,Rawalpindi,2025,Arabic,1897.0,1752.0
12th,Rawalpindi,2025,Biology,10149.0,8358.0
12th,Rawalpindi,2025,Business Math And Statistics,2389.0,1941.0
12th,Rawalpindi,2025,Chemistry,13321.0,10817.0
12th,Rawalpindi,2025,Civics,5987.0,4770.0
12th,Rawalpindi,2025,Commercial Practice,17.0,17.0
12th,Rawalpindi,2025,Computer Science,21743.0,17930.0
12th,Rawalpindi,2025,Economics,4441.0,3878.0
12th,Rawalpindi,2025,Education,12098.0,9649.0
12th,Rawalpindi,2025,English,52906.0,38008.0
12th,Rawalpindi,2025,English Elective,37.0,31.0
12th,Rawalpindi,2025,Ethics,391.0,364.0
12th,Rawalpindi,2025,Fine Art,152.0,137.0
12th,Rawalpindi,2025,Geography,886.0,878.0
12th,Rawalpindi,2025,Health And Physical Education,3762.0,3674.0
12th,Rawalpindi,2025,History,2599.0,1802.0
12th,Rawalpindi,2025,Islamic Education,11412.0,9855.0
12th,Rawalpindi,2025,Library Science,258.0,250.0
12th,Rawalpindi,2025,Mathematics,23358.0,13936.0
12th,Rawalpindi,2025,Military Science,6.0,6.0
12th,Rawalpindi,2025,Outlines Of Home Economics,675.0,674.0
12th,Rawalpindi,2025,Pakistan Studies,49357.0,47602.0
12th,Rawalpindi,2025,Pakistani Culture,1.0,1.0
12th,Rawalpindi,2025,Persian,427.0,395.0
12th,Rawalpindi,2025,Philosophy,318.0,305.0
12th,Rawalpindi,2025,Physics,29487.0,22710.0
12th,Rawalpindi,2025,Princip. Of Commerce And Banking/Csd,2360.0,2003.0
12th,Rawalpindi,2025,Princip. Of Eco. And Comm. Geography,2335.0,2148.0
12th,Rawalpindi,2025,Principles Of Accounting,2354.0,1855.0
12th,Rawalpindi,2025,Psychology,1990.0,1893.0
12th,Rawalpindi,2025,Punjabi,367.0,347.0
12th,Rawalpindi,2025,Sociology,4003.0,3780.0
12th,Rawalpindi,2025,Statistics,1791.0,1421.0
12th,Rawalpindi,2025,Tarjama Tul Quran Ul Majeed,48680.0,46948.0
12th,Rawalpindi,2025,Urdu,49889.0,46830.0
12th,Sahiwal,2024,Applied Art,6.0,6.0
12th,Sahiwal,2024,Arabic,964.0,876.0
12th,Sahiwal,2024,Banking,545.0,528.0
12th,Sahiwal,2024,Biology,14446.0,11175.0
12th,Sahiwal,2024,Business Math,566.0,485.0
12th,Sahiwal,2024,Business Statistics,566.0,485.0
12th,Sahiwal,2024,Chemistry,17768.0,13754.0
12th,Sahiwal,2024,Child Development And Family Living,6.0,6.0
12th,Sahiwal,2024,Civics,4918.0,4403.0
12th,Sahiwal,2024,Commercial Geography,558.0,536.0
12th,Sahiwal,2024,Computer Science,13943.0,10003.0
12th,Sahiwal,2024,Economics,5398.0,4570.0
12th,Sahiwal,2024,Education,6783.0,5702.0
12th,Sahiwal,2024,English,41875.0,30567.0
12th,Sahiwal,2024,English Elective,16.0,13.0
12th,Sahiwal,2024,Ethics,205.0,203.0
12th,Sahiwal,2024,Fine Arts,32.0,31.0
12th,Sahiwal,2024,Food And Nutrition,6.0,6.0
12th,Sahiwal,2024,Geography,653.0,650.0
12th,Sahiwal,2024,Health And Physical Education,4246.0,4193.0
12th,Sahiwal,2024,History Of Indo-Pak,34.0,34.0
12th,Sahiwal,2024,History Of Islam,849.0,693.0
12th,Sahiwal,2024,History Of Pakistan,154.0,119.0
12th,Sahiwal,2024,Islamic Education,10195.0,9496.0
12th,Sahiwal,2024,Library Science,349.0,341.0
12th,Sahiwal,2024,Mathematics,13203.0,7629.0
12th,Sahiwal,2024,Outlines Of Home Economics,81.0,81.0
12th,Sahiwal,2024,Pakistan Studies,37708.0,37488.0
12th,Sahiwal,2024,Pakistani Culture,5.0,5.0
12th,Sahiwal,2024,Persian,187.0,183.0
12th,Sahiwal,2024,Philosophy,20.0,19.0
12th,Sahiwal,2024,Physics,23545.0,18805.0
12th,Sahiwal,2024,Principles Of Accounting,566.0,512.0
12th,Sahiwal,2024,Principles Of Economics,558.0,536.0
12th,Sahiwal,2024,Psychology,588.0,563.0
12th,Sahiwal,2024,Punjabi,1275.0,1220.0
12th,Sahiwal,2024,Sociology,2647.0,2492.0
12th,Sahiwal,2024,Statistics,531.0,414.0
12th,Sahiwal,2024,Translation Of The Holy Quran,37002.0,36628.0
12th,Sahiwal,2024,Urdu,38921.0,36732.0
12th,Sahiwal,2025,Applied Art,3.0,3.0
12th,Sahiwal,2025,Arabic,921.0,848.0
12th,Sahiwal,2025,Banking,459.0,448.0
12th,Sahiwal,2025,Biology,11326.0,9465.0
12th,Sahiwal,2025,Business Math,474.0,422.0
12th,Sahiwal,2025,Business Statistics,474.0,422.0
12th,Sahiwal,2025,Chemistry,13567.0,10890.0
12th,Sahiwal,2025,Child Development And Family Living,3.0,3.0
12th,Sahiwal,2025,Civics,5192.0,4840.0
12th,Sahiwal,2025,Commercial Geography,464.0,443.0
12th,Sahiwal,2025,Computer Science,16850.0,12732.0
12th,Sahiwal,2025,Economics,6005.0,4985.0
12th,Sahiwal,2025,Education,7506.0,6389.0
12th,Sahiwal,2025,English,39555.0,28879.0
12th,Sahiwal,2025,English Elective,13.0,12.0
12th,Sahiwal,2025,Ethics,270.0,268.0
12th,Sahiwal,2025,Fine Arts,27.0,27.0
12th,Sahiwal,2025,Food And Nutrition,3.0,3.0
12th,Sahiwal,2025,Geography,706.0,703.0
12th,Sahiwal,2025,Health And Physical Education,4977.0,4855.0
12th,Sahiwal,2025,History Of Indo-Pak,32.0,26.0
12th,Sahiwal,2025,History Of Islam,758.0,595.0
12th,Sahiwal,2025,History Of Pakistan,166.0,132.0
12th,Sahiwal,2025,Islamic Education,11147.0,10438.0
12th,Sahiwal,2025,Library Science,380.0,371.0
12th,Sahiwal,2025,Mathematics,13629.0,8785.0
12th,Sahiwal,2025,Outlines Of Home Economics,136.0,136.0
12th,Sahiwal,2025,Pakistan Studies,36700.0,36470.0
12th,Sahiwal,2025,Pakistani Culture,1.0,1.0
12th,Sahiwal,2025,Persian,174.0,168.0
12th,Sahiwal,2025,Philosophy,15.0,14.0
12th,Sahiwal,2025,Physics,20847.0,17450.0
12th,Sahiwal,2025,Principles Of Accounting,467.0,433.0
12th,Sahiwal,2025,Principles Of Economics,464.0,443.0
12th,Sahiwal,2025,Psychology,587.0,560.0
12th,Sahiwal,2025,Punjabi,1258.0,1149.0
12th,Sahiwal,2025,Sociology,2863.0,2765.0
12th,Sahiwal,2025,Statistics,543.0,466.0
12th,Sahiwal,2025,Translation Of The Holy Quran,36332.0,35678.0
12th,Sahiwal,2025,Urdu,37840.0,35850.0
12th,Sahiwal,2026,Applied Art,6.0,6.0
12th,Sahiwal,2026,Arabic,1016.0,943.0
12th,Sahiwal,2026,Biology,21414.0,18742.0
12th,Sahiwal,2026,Business Math,406.0,367.0
12th,Sahiwal,2026,Chemistry,25191.0,22053.0
12th,Sahiwal,2026,Child Development And Family Living,6.0,6.0
12th,Sahiwal,2026,Civics,5019.0,4720.0
12th,Sahiwal,2026,Computer Science,40487.0,35341.0
12th,Sahiwal,2026,Economics,6635.0,5850.0
12th,Sahiwal,2026,Education,7714.0,7146.0
12th,Sahiwal,2026,English,43149.0,33462.0
12th,Sahiwal,2026,English Elective,13.0,13.0
12th,Sahiwal,2026,Ethics,383.0,380.0
12th,Sahiwal,2026,Fine Arts,36.0,35.0
12th,Sahiwal,2026,Food And Nutrition,6.0,6.0
12th,Sahiwal,2026,Geography,1351.0,1324.0
12th,Sahiwal,2026,Health And Physical Education,11121.0,10845.0
12th,Sahiwal,2026,History Of Indo-Pak,40.0,36.0
12th,Sahiwal,2026,History Of Islam,872.0,720.0
12th,Sahiwal,2026,History Of Pakistan,158.0,101.0
12th,Sahiwal,2026,Islamic Education,10726.0,10213.0
12th,Sahiwal,2026,Library Science,1025.0,1010.0
12th,Sahiwal,2026,Mathematics,16048.0,11533.0
12th,Sahiwal,2026,Outlines Of Home Economics,338.0,333.0
12th,Sahiwal,2026,Pakistan Studies,39937.0,39686.0
12th,Sahiwal,2026,Persian,174.0,172.0
12th,Sahiwal,2026,Philosophy,30.0,28.0
12th,Sahiwal,2026,Physics,43229.0,38965.0
12th,Sahiwal,2026,Principles Of Accounting,404.0,385.0
12th,Sahiwal,2026,Principles Of Commerce,402.0,398.0
12th,Sahiwal,2026,Principles Of Economics,400.0,394.0
12th,Sahiwal,2026,Psychology,1220.0,1199.0
12th,Sahiwal,2026,Punjabi,1325.0,1269.0
12th,Sahiwal,2026,Religious Education,12.0,14.0
12th,Sahiwal,2026,Sociology,2897.0,2792.0
12th,Sahiwal,2026,Statistics,1306.0,1159.0
12th,Sahiwal,2026,Translation Of The Holy Quran,39929.0,39539.0
12th,Sahiwal,2026,Urdu,41039.0,39664.0
12th,Swat,2024,Arabic,585.0,565.0
12th,Swat,2024,Archaeology,9.0,7.0
12th,Swat,2024,Chemistry,24225.0,23438.0
12th,Swat,2024,Civics,5320.0,5173.0
12th,Swat,2024,Computer Science,4114.0,3912.0
12th,Swat,2024,Economics,1109.0,1093.0
12th,Swat,2024,Education,159.0,153.0
12th,Swat,2024,English,32743.0,32322.0
12th,Swat,2024,English Advance,41.0,36.0
12th,Swat,2024,Ethics,21.0,20.0
12th,Swat,2024,General Maths,167.0,46.0
12th,Swat,2024,Geography,45.0,45.0
12th,Swat,2024,Home Economics,26.0,25.0
12th,Swat,2024,Hpe,2780.0,2735.0
12th,Swat,2024,Islamic Education,6199.0,6038.0
12th,Swat,2024,Islamic History,2246.0,2173.0
12th,Swat,2024,Library Science,89.0,84.0
12th,Swat,2024,Mathematics,2972.0,2617.0
12th,Swat,2024,Mutalia Quran,30548.0,30160.0
12th,Swat,2024,Pakistani Culture,15.0,14.0
12th,Swat,2024,Pashtu,2427.0,2353.0
12th,Swat,2024,Physics,25468.0,24654.0
12th,Swat,2024,Psychology,143.0,142.0
12th,Swat,2024,Statistics,157.0,151.0
12th,Swat,2024,Urdu,32816.0,31952.0
12th,Swat,2025,Arabic,460.0,451.0
12th,Swat,2025,Archaeology,35.0,33.0
12th,Swat,2025,Chemistry,22446.0,20408.0
12th,Swat,2025,Civics,4433.0,4303.0
12th,Swat,2025,Computer Science,2122.0,2075.0
12th,Swat,2025,Economics,1127.0,1115.0
12th,Swat,2025,Education,100.0,91.0
12th,Swat,2025,English,30323.0,29842.0
12th,Swat,2025,English Advance,48.0,29.0
12th,Swat,2025,Ethics,35.0,35.0
12th,Swat,2025,General Math,107.0,98.0
12th,Swat,2025,Geography,27.0,27.0
12th,Swat,2025,Health And Physical Education,2232.0,2198.0
12th,Swat,2025,Home Economics,123.0,99.0
12th,Swat,2025,Islamic Education,4958.0,4811.0
12th,Swat,2025,Islamic History,1640.0,1585.0
12th,Swat,2025,Library Science,98.0,98.0
12th,Swat,2025,Mathematics,3423.0,3111.0
12th,Swat,2025,Mutaliae-Quran-E-Hakeem,29744.0,29350.0
12th,Swat,2025,Pakistani Culture,5.0,5.0
12th,Swat,2025,Pashto,2135.0,2046.0
12th,Swat,2025,Physics,24438.0,23363.0
12th,Swat,2025,Psychology,151.0,132.0
12th,Swat,2025,Statistics,292.0,280.0
12th,Swat,2025,Urdu,30487.0,30033.0
12th,Swat,2025,Urdu Advance,282.0,248.0
12th,Swat,2026,Arabic,238.0,237.0
12th,Swat,2026,Archaeology,10.0,8.0
12th,Swat,2026,Biology,22557.0,21994.0
12th,Swat,2026,Chemistry,24214.0,22391.0
12th,Swat,2026,Civics,3207.0,3050.0
12th,Swat,2026,Computer Science,2388.0,2294.0
12th,Swat,2026,Economics,1010.0,988.0
12th,Swat,2026,Education,128.0,114.0
12th,Swat,2026,English,30177.0,29466.0
12th,Swat,2026,English Advance,37.0,21.0
12th,Swat,2026,Ethics,36.0,36.0
12th,Swat,2026,General Math,79.0,63.0
12th,Swat,2026,Geography,18.0,18.0
12th,Swat,2026,Health And Physical Education,1662.0,1623.0
12th,Swat,2026,Home Economics,56.0,50.0
12th,Swat,2026,Islamic Education,3179.0,3041.0
12th,Swat,2026,Islamic History,1104.0,1063.0
12th,Swat,2026,Library Science,51.0,44.0
12th,Swat,2026,Mathematics,3745.0,3004.0
12th,Swat,2026,Mutaliae-Quran-E-Hakeem,30138.0,29686.0
12th,Swat,2026,Pakistani Culture,7.0,7.0
12th,Swat,2026,Pashto,1926.0,1877.0
12th,Swat,2026,Physics,25472.0,22954.0
12th,Swat,2026,Psychology,110.0,99.0
12th,Swat,2026,Statistics,348.0,328.0
12th,Swat,2026,Urdu,30081.0,29316.0
12th,Swat,2026,Urdu Advance,187.0,154.0
9th,Abbottabad,2025,Arabic,379.0,332.0
9th,Abbottabad,2025,Art And Model Drawing,7074.0,6714.0
9th,Abbottabad,2025,Biology,47677.0,40193.0
9th,Abbottabad,2025,Chemistry,56005.0,47951.0
9th,Abbottabad,2025,Civics,5056.0,3991.0
9th,Abbottabad,2025,Computer Science,7914.0,7526.0
9th,Abbottabad,2025,Economics,24.0,15.0
9th,Abbottabad,2025,English,77212.0,59467.0
9th,Abbottabad,2025,Ethics,31.0,26.0
9th,Abbottabad,2025,Food And Nutrition,46.0,43.0
9th,Abbottabad,2025,General Mathematics,21708.0,14070.0
9th,Abbottabad,2025,General Science,20140.0,15080.0
9th,Abbottabad,2025,Geography Of Pakistan,7.0,5.0
9th,Abbottabad,2025,Health And Physical Education,4181.0,3849.0
9th,Abbottabad,2025,Home Economics,4954.0,4047.0
9th,Abbottabad,2025,Islamic Education,92953.0,78701.0
9th,Abbottabad,2025,Islamic History,1097.0,920.0
9th,Abbottabad,2025,Mathematics,55493.0,48262.0
9th,Abbottabad,2025,Mutalia-E-Quran-E-Hakeem,74397.0,69675.0
9th,Abbottabad,2025,Pakistan Studies,75148.0,69983.0
9th,Abbottabad,2025,Pashto,51.0,46.0
9th,Abbottabad,2025,Physics,56145.0,49446.0
9th,Abbottabad,2025,Urdu,74087.0,71746.0
9th,Abbottabad,2026,Arabic,393.0,377.0
9th,Abbottabad,2026,Art And Model Drawing,6104.0,5864.0
9th,Abbottabad,2026,Biology,46630.0,38928.0
9th,Abbottabad,2026,Chemistry,56373.0,52171.0
9th,Abbottabad,2026,Civics,5010.0,4576.0
9th,Abbottabad,2026,Computer Science,9886.0,9281.0
9th,Abbottabad,2026,Economics,26.0,11.0
9th,Abbottabad,2026,English,76705.0,73664.0
9th,Abbottabad,2026,Ethics,25.0,22.0
9th,Abbottabad,2026,General Mathematics,19476.0,13030.0
9th,Abbottabad,2026,General Science,18307.0,13443.0
9th,Abbottabad,2026,Geography Of Pakistan,3.0,2.0
9th,Abbottabad,2026,Health And Physical Education,4057.0,3827.0
9th,Abbottabad,2026,Home Economics,4503.0,4002.0
9th,Abbottabad,2026,Islamic Education,90086.0,79705.0
9th,Abbottabad,2026,Islamic History,695.0,501.0
9th,Abbottabad,2026,Mathematics,56315.0,45348.0
9th,Abbottabad,2026,Mutalia-E-Quran-E-Hakeem,73343.0,69666.0
9th,Abbottabad,2026,Pakistan Studies,73801.0,66173.0
9th,Abbottabad,2026,Pashto,51.0,47.0
9th,Abbottabad,2026,Physics,56699.0,50980.0
9th,Abbottabad,2026,Urdu,73066.0,70430.0
9th,Bahawalpur,2025,Advanced Islamic Studies,8863.0,8025.0
9th,Bahawalpur,2025,Arabic,572.0,455.0
9th,Bahawalpur,2025,Art And Model Drawing,136.0,136.0
9th,Bahawalpur,2025,Biology,49254.0,36988.0
9th,Bahawalpur,2025,Chemistry,97947.0,58755.0
9th,Bahawalpur,2025,Civics,406.0,287.0
9th,Bahawalpur,2025,Computer Science,51940.0,38857.0
9th,Bahawalpur,2025,Education,498.0,434.0
9th,Bahawalpur,2025,Electrical Wiring,180.0,179.0
9th,Bahawalpur,2025,English,110335.0,88761.0
9th,Bahawalpur,2025,Environmental Studies,860.0,720.0
9th,Bahawalpur,2025,Ethics,1045.0,868.0
9th,Bahawalpur,2025,Food And Nutrition,1011.0,913.0
9th,Bahawalpur,2025,General Mathematics,12131.0,7330.0
9th,Bahawalpur,2025,General Science,12168.0,8894.0
9th,Bahawalpur,2025,Health And Physical Education,5818.0,5370.0
9th,Bahawalpur,2025,Home Economics,2341.0,1595.0
9th,Bahawalpur,2025,Islamic Education,109529.0,97207.0
9th,Bahawalpur,2025,Islamic History,134.0,124.0
9th,Bahawalpur,2025,Mathematics,97840.0,59974.0
9th,Bahawalpur,2025,Physics,97852.0,65858.0
9th,Bahawalpur,2025,Punjabi,117.0,89.0
9th,Bahawalpur,2025,Religious Education,476.0,388.0
9th,Bahawalpur,2025,Translation Of The Holy Quran,109170.0,99874.0
9th,Bahawalpur,2025,Urdu,110087.0,103129.0
9th,Bahawalpur,2025,Wood Work,196.0,195.0
9th,Bahawalpur,2026,Advanced Islamic Studies,9892.0,8966.0
9th,Bahawalpur,2026,Agriculture Sciences,169.0,136.0
9th,Bahawalpur,2026,Arabic,367.0,343.0
9th,Bahawalpur,2026,Art And Model Drawing,252.0,240.0
9th,Bahawalpur,2026,Biology,45336.0,31355.0
9th,Bahawalpur,2026,Chemistry,91062.0,55016.0
9th,Bahawalpur,2026,Civics,439.0,426.0
9th,Bahawalpur,2026,Clothing And Textile,97.0,97.0
9th,Bahawalpur,2026,Communication Skills And Personal Grooming,298.0,279.0
9th,Bahawalpur,2026,Computer Science And Entrepreneurship,48644.0,30525.0
9th,Bahawalpur,2026,Education,901.0,799.0
9th,Bahawalpur,2026,Electrical Wiring,165.0,165.0
9th,Bahawalpur,2026,English,105504.0,80956.0
9th,Bahawalpur,2026,Environmental Studies,645.0,619.0
9th,Bahawalpur,2026,Ethics,945.0,807.0
9th,Bahawalpur,2026,Fashion Designing,297.0,224.0
9th,Bahawalpur,2026,Food And Nutrition,1775.0,1681.0
9th,Bahawalpur,2026,General Science,14305.0,11390.0
9th,Bahawalpur,2026,Health And Physical Education,7498.0,6703.0
9th,Bahawalpur,2026,Health Sciences,855.0,676.0
9th,Bahawalpur,2026,Home Economics,2734.0,2415.0
9th,Bahawalpur,2026,Information And Communication Technology,2548.0,2027.0
9th,Bahawalpur,2026,Islamic Education,104850.0,95280.0
9th,Bahawalpur,2026,Islamic History,139.0,118.0
9th,Bahawalpur,2026,Mathematics,105284.0,54301.0
9th,Bahawalpur,2026,Physics,91131.0,65495.0
9th,Bahawalpur,2026,Punjabi,214.0,137.0
9th,Bahawalpur,2026,Religious Education,428.0,370.0
9th,Bahawalpur,2026,Translation Of The Holy Quran,104484.0,98417.0
9th,Bahawalpur,2026,Urdu,105345.0,99711.0
9th,Bahawalpur,2026,Wood Work,169.0,163.0
9th,DG Khan,2025,Advanced Islamic Studies,3138.0,2739.0
9th,DG Khan,2025,Arabic,345.0,321.0
9th,DG Khan,2025,Art And Model Drawing,496.0,459.0
9th,DG Khan,2025,Biology,80880.0,61029.0
9th,DG Khan,2025,Chemistry,103656.0,77276.0
9th,DG Khan,2025,Civics,192.0,163.0
9th,DG Khan,2025,Computer Science,23875.0,19150.0
9th,DG Khan,2025,Economics,67.0,46.0
9th,DG Khan,2025,Education,925.0,824.0
9th,DG Khan,2025,Electrical Wiring,40.0,35.0
9th,DG Khan,2025,English,108346.0,90717.0
9th,DG Khan,2025,Ethics,248.0,172.0
9th,DG Khan,2025,Food And Nutrition,23.0,18.0
9th,DG Khan,2025,General Mathematics,4621.0,3495.0
9th,DG Khan,2025,General Science,4621.0,3355.0
9th,DG Khan,2025,Geography,1.0,0.0
9th,DG Khan,2025,Geometrical And Technical Drawing,2.0,1.0
9th,DG Khan,2025,Health And Physical Education,1251.0,1038.0
9th,DG Khan,2025,History Of Pakistan,18.0,9.0
9th,DG Khan,2025,Home Economics,1241.0,1099.0
9th,DG Khan,2025,Islamic Education,108098.0,96233.0
9th,DG Khan,2025,Islamic History,1.0,1.0
9th,DG Khan,2025,Mathematics,103656.0,77078.0
9th,DG Khan,2025,Pakistan Studies,818.0,757.0
9th,DG Khan,2025,Persian,10.0,4.0
9th,DG Khan,2025,Physics,103656.0,85101.0
9th,DG Khan,2025,Punjabi,435.0,399.0
9th,DG Khan,2025,Religious Education,248.0,172.0
9th,DG Khan,2025,Translation Of The Holy Quran,108098.0,101763.0
9th,DG Khan,2025,Urdu,108346.0,101230.0
9th,DG Khan,2026,Advanced Islamic Studies,3428.0,2941.0
9th,DG Khan,2026,Agriculture Sciences,274.0,247.0
9th,DG Khan,2026,Arabic,262.0,179.0
9th,DG Khan,2026,Art And Model Drawing,599.0,546.0
9th,DG Khan,2026,Biology,77380.0,58701.0
9th,DG Khan,2026,Chemistry,100855.0,66073.0
9th,DG Khan,2026,Civics,217.0,180.0
9th,DG Khan,2026,Communication Skills And Personal Grooming,433.0,366.0
9th,DG Khan,2026,Computer Science And Entrepreneurship,24643.0,18912.0
9th,DG Khan,2026,Economics,31.0,14.0
9th,DG Khan,2026,Education,1220.0,1060.0
9th,DG Khan,2026,Electrical Wiring,38.0,37.0
9th,DG Khan,2026,English,106200.0,86117.0
9th,DG Khan,2026,Ethics,261.0,219.0
9th,DG Khan,2026,Fashion Designing,433.0,383.0
9th,DG Khan,2026,Food And Nutrition,25.0,24.0
9th,DG Khan,2026,General Science,5301.0,4000.0
9th,DG Khan,2026,Geography,5.0,3.0
9th,DG Khan,2026,Health And Physical Education,1324.0,1214.0
9th,DG Khan,2026,Health Sciences,1061.0,1002.0
9th,DG Khan,2026,History Of Pakistan,8.0,4.0
9th,DG Khan,2026,Home Economics,1452.0,1184.0
9th,DG Khan,2026,Information And Communication Technology,2065.0,1896.0
9th,DG Khan,2026,Islamic Education,105939.0,96824.0
9th,DG Khan,2026,Islamic History,1.0,1.0
9th,DG Khan,2026,Mathematics,106156.0,67575.0
9th,DG Khan,2026,Persian,5.0,3.0
9th,DG Khan,2026,Physics,100855.0,80300.0
9th,DG Khan,2026,Punjabi,429.0,361.0
9th,DG Khan,2026,Religious Education,261.0,118.0
9th,DG Khan,2026,Translation Of The Holy Quran,105939.0,97953.0
9th,DG Khan,2026,Urdu,106200.0,98545.0
9th,FBISE,2025,Arabic,380.0,298.0
9th,FBISE,2025,Art And Model Drawing,221.0,190.0
9th,FBISE,2025,Biology,70801.0,59806.0
9th,FBISE,2025,Chemistry,135203.0,115495.0
9th,FBISE,2025,Civics,6517.0,4919.0
9th,FBISE,2025,Clothing And Textile,54.0,38.0
9th,FBISE,2025,Commercial Geography,37.0,27.0
9th,FBISE,2025,Computer Science,71899.0,60081.0
9th,FBISE,2025,Dress Making And Fashion Designing,136.0,64.0
9th,FBISE,2025,Economics,1174.0,907.0
9th,FBISE,2025,Education,6104.0,5314.0
9th,FBISE,2025,Electrical Wiring,231.0,185.0
9th,FBISE,2025,English,148400.0,142458.0
9th,FBISE,2025,Ethics,2151.0,1909.0
9th,FBISE,2025,Food And Nutrition,338.0,312.0
9th,FBISE,2025,General Mathematics,19361.0,14457.0
9th,FBISE,2025,General Science,19434.0,14826.0
9th,FBISE,2025,Geography,35.0,28.0
9th,FBISE,2025,Geography Of Pakistan,350.0,280.0
9th,FBISE,2025,Health And Physical Education,1850.0,1582.0
9th,FBISE,2025,Home Economics,5293.0,4598.0
9th,FBISE,2025,Islamic Education,154651.0,152061.0
9th,FBISE,2025,Islamic History,89.0,80.0
9th,FBISE,2025,Mathematics,145861.0,92116.0
9th,FBISE,2025,Pakistan Studies,154892.0,143782.0
9th,FBISE,2025,Physics,136651.0,113096.0
9th,FBISE,2025,Urdu,147675.0,143910.0
9th,FBISE,2026,Arabic,332.0,318.0
9th,FBISE,2026,Art And Model Drawing,60.0,23.0
9th,FBISE,2026,Art Model Drawing And Fine Arts,167.0,132.0
9th,FBISE,2026,Biology,65959.0,57684.0
9th,FBISE,2026,Buddism,11.0,11.0
9th,FBISE,2026,Chemistry,140142.0,113612.0
9th,FBISE,2026,Christianity,2009.0,1405.0
9th,FBISE,2026,Civics,5568.0,4298.0
9th,FBISE,2026,Clothing And Textile,77.0,32.0
9th,FBISE,2026,Commercial Geography,10.0,9.0
9th,FBISE,2026,Computer Science,78287.0,63685.0
9th,FBISE,2026,Dress Making And Fashion Designing,141.0,133.0
9th,FBISE,2026,Economics,1393.0,1325.0
9th,FBISE,2026,Education,7074.0,6143.0
9th,FBISE,2026,Electrical Wiring,43.0,41.0
9th,FBISE,2026,English,152885.0,141601.0
9th,FBISE,2026,Ethics,2468.0,1794.0
9th,FBISE,2026,Food And Nutrition,491.0,381.0
9th,FBISE,2026,General Mathematics,18202.0,10527.0
9th,FBISE,2026,General Science,18624.0,5574.0
9th,FBISE,2026,Geography,27.0,25.0
9th,FBISE,2026,Geography Of Pakistan,334.0,280.0
9th,FBISE,2026,Health And Physical Education,2537.0,2174.0
9th,FBISE,2026,Home Economics,3618.0,3369.0
9th,FBISE,2026,Islamic Education,157457.0,147969.0
9th,FBISE,2026,Islamic History,98.0,57.0
9th,FBISE,2026,Mathematics,146945.0,98455.0
9th,FBISE,2026,Pakistan Studies,6066.0,3418.0
9th,FBISE,2026,Physics,140754.0,119443.0
9th,FBISE,2026,Sanatan Dharam/Hinduism,180.0,174.0
9th,FBISE,2026,Sikhism,15.0,14.0
9th,FBISE,2026,Translation Of The Holy Quran,145570.0,142156.0
9th,FBISE,2026,Urdu,152411.0,146664.0
9th,Faisalabad,2025,Al-Hadith Wal-Fiqah,8.0,8.0
9th,Faisalabad,2025,Al-Quran,8.0,7.0
9th,Faisalabad,2025,Arabic,821.0,644.0
9th,Faisalabad,2025,Arithmetic,145.0,145.0
9th,Faisalabad,2025,Art And Model Drawing,10.0,3.0
9th,Faisalabad,2025,Biology,83681.0,68040.0
9th,Faisalabad,2025,Chemistry,164900.0,115553.0
9th,Faisalabad,2025,Civics,1147.0,797.0
9th,Faisalabad,2025,Clothing And Textile,243.0,108.0
9th,Faisalabad,2025,Computer Hardware,38.0,10.0
9th,Faisalabad,2025,Computer Science,92859.0,78001.0
9th,Faisalabad,2025,Drawing,110.0,110.0
9th,Faisalabad,2025,Dress Making And Fashion Designing,200.0,124.0
9th,Faisalabad,2025,Economics,204.0,140.0
9th,Faisalabad,2025,Education,10073.0,9110.0
9th,Faisalabad,2025,Electrical Wiring,105.0,58.0
9th,Faisalabad,2025,Embroidery,36.0,36.0
9th,Faisalabad,2025,English,204928.0,161883.0
9th,Faisalabad,2025,Environmental Studies,280.0,153.0
9th,Faisalabad,2025,Ethics,4714.0,4148.0
9th,Faisalabad,2025,Food And Nutrition,855.0,709.0
9th,Faisalabad,2025,General Mathematics,39556.0,28840.0
9th,Faisalabad,2025,General Science,39604.0,28426.0
9th,Faisalabad,2025,Geography,13.0,12.0
9th,Faisalabad,2025,Geography Of Pakistan,2.0,1.0
9th,Faisalabad,2025,Health And Physical Education,142.0,142.0
9th,Faisalabad,2025,History Of Pakistan,28.0,7.0
9th,Faisalabad,2025,Home Economics,5808.0,4301.0
9th,Faisalabad,2025,Islamic Education,226773.0,200559.0
9th,Faisalabad,2025,Islamic History,172.0,123.0
9th,Faisalabad,2025,Mathematics,164819.0,124072.0
9th,Faisalabad,2025,Pakistan Studies,145.0,145.0
9th,Faisalabad,2025,Persian,17.0,16.0
9th,Faisalabad,2025,Physical Education,16806.0,14219.0
9th,Faisalabad,2025,Physics,164836.0,142504.0
9th,Faisalabad,2025,Poultry Farming,12.0,11.0
9th,Faisalabad,2025,Punjabi,4248.0,3738.0
9th,Faisalabad,2025,Religious Education,4295.0,3770.0
9th,Faisalabad,2025,Tailoring,1.0,1.0
9th,Faisalabad,2025,Translation Of The Holy Quran,200077.0,192067.0
9th,Faisalabad,2025,Urdu,204601.0,186055.0
9th,Faisalabad,2025,Urdu Dars-E-Nizami,8.0,7.0
9th,Faisalabad,2026,Agriculture Sciences,43.0,34.0
9th,Faisalabad,2026,Al-Hadith Wal-Fiqah,12.0,11.0
9th,Faisalabad,2026,Al-Quran,12.0,11.0
9th,Faisalabad,2026,Arabic,712.0,623.0
9th,Faisalabad,2026,Arithmetic,142.0,142.0
9th,Faisalabad,2026,Art And Model Drawing,7.0,4.0
9th,Faisalabad,2026,Biology,76727.0,61675.0
9th,Faisalabad,2026,Chemistry,155462.0,123977.0
9th,Faisalabad,2026,Civics,1258.0,1009.0
9th,Faisalabad,2026,Clothing And Textile,385.0,335.0
9th,Faisalabad,2026,Communication Skills And Personal Grooming,803.0,706.0
9th,Faisalabad,2026,Computer Hardware,1.0,0.0
9th,Faisalabad,2026,Computer Science,142.0,142.0
9th,Faisalabad,2026,Computer Science And Entrepreneurship,87340.0,71092.0
9th,Faisalabad,2026,Drawing,130.0,130.0
9th,Faisalabad,2026,Dress Making And Fashion Designing,170.0,82.0
9th,Faisalabad,2026,Economics,180.0,127.0
9th,Faisalabad,2026,Education,11788.0,10627.0
9th,Faisalabad,2026,Electrical Wiring,219.0,170.0
9th,Faisalabad,2026,English,196369.0,162898.0
9th,Faisalabad,2026,Environmental Studies,269.0,248.0
9th,Faisalabad,2026,Ethics,4066.0,3411.0
9th,Faisalabad,2026,Fashion Designing,804.0,724.0
9th,Faisalabad,2026,Food And Nutrition,1310.0,1087.0
9th,Faisalabad,2026,General Science,40648.0,27519.0
9th,Faisalabad,2026,Geography,4.0,1.0
9th,Faisalabad,2026,Geography Of Pakistan,3.0,2.0
9th,Faisalabad,2026,Health And Physical Education,18728.0,15496.0
9th,Faisalabad,2026,Health Sciences,1098.0,861.0
9th,Faisalabad,2026,History Of Pakistan,23.0,9.0
9th,Faisalabad,2026,Home Economics,4955.0,3706.0
9th,Faisalabad,2026,Information And Communication Technology,3657.0,3071.0
9th,Faisalabad,2026,Islamic Education,220302.0,202419.0
9th,Faisalabad,2026,Islamic History,159.0,107.0
9th,Faisalabad,2026,Mathematics,196024.0,129078.0
9th,Faisalabad,2026,Persian,28.0,27.0
9th,Faisalabad,2026,Physics,155529.0,132872.0
9th,Faisalabad,2026,Poultry Farming,3.0,3.0
9th,Faisalabad,2026,Punjabi,3570.0,3332.0
9th,Faisalabad,2026,Religious Education,3750.0,3141.0
9th,Faisalabad,2026,Tailoring,12.0,12.0
9th,Faisalabad,2026,Translation Of The Holy Quran,192248.0,183050.0
9th,Faisalabad,2026,Urdu,196217.0,185306.0
9th,Faisalabad,2026,Urdu Dars-E-Nizami,13.0,13.0
9th,Gujranwala,2025,Arabic,914.0,842.0
9th,Gujranwala,2025,Art And Model Drawing,58.0,47.0
9th,Gujranwala,2025,Biology,116628.0,94880.0
9th,Gujranwala,2025,Business Studies,33.0,30.0
9th,Gujranwala,2025,Chemistry,199656.0,133618.0
9th,Gujranwala,2025,Civics,4102.0,2812.0
9th,Gujranwala,2025,Clothing And Textile,115.0,101.0
9th,Gujranwala,2025,Commercial Geography,169.0,90.0
9th,Gujranwala,2025,Computer Hardware,95.0,38.0
9th,Gujranwala,2025,Computer Science,92094.0,69117.0
9th,Gujranwala,2025,Dress Making And Fashion Designing,87.0,84.0
9th,Gujranwala,2025,Economics,979.0,829.0
9th,Gujranwala,2025,Education,24932.0,22102.0
9th,Gujranwala,2025,Electrical Wiring,324.0,188.0
9th,Gujranwala,2025,English,270518.0,227160.0
9th,Gujranwala,2025,Ethics,4760.0,4338.0
9th,Gujranwala,2025,Fish Farming,5.0,2.0
9th,Gujranwala,2025,Food And Nutrition,261.0,238.0
9th,Gujranwala,2025,General Mathematics,70249.0,50010.0
9th,Gujranwala,2025,General Science,70337.0,44652.0
9th,Gujranwala,2025,Geography,9.0,3.0
9th,Gujranwala,2025,Geography Of Pakistan,6.0,4.0
9th,Gujranwala,2025,Geometrical And Technical Drawing,13.0,6.0
9th,Gujranwala,2025,Health And Physical Education,15676.0,13471.0
9th,Gujranwala,2025,History Of Pakistan,47.0,9.0
9th,Gujranwala,2025,Home Economics,9182.0,8369.0
9th,Gujranwala,2025,Islamic Education,325495.0,281145.0
9th,Gujranwala,2025,Islamic History,129.0,103.0
9th,Gujranwala,2025,Mathematics,199541.0,132169.0
9th,Gujranwala,2025,Persian,640.0,611.0
9th,Gujranwala,2025,Physics,199532.0,138359.0
9th,Gujranwala,2025,Physiology And Hygiene,1.0,1.0
9th,Gujranwala,2025,Poultry Farming,4410.0,2970.0
9th,Gujranwala,2025,Punjabi,8642.0,7535.0
9th,Gujranwala,2025,Translation Of The Holy Quran,265502.0,246534.0
9th,Gujranwala,2025,Urdu,269975.0,246975.0
9th,Gujranwala,2025,Wood Work,171.0,157.0
9th,Kohat,2025,Arabic,59.0,50.0
9th,Kohat,2025,Art And Model Drawing,2293.0,2043.0
9th,Kohat,2025,Biology,46110.0,33674.0
9th,Kohat,2025,Chemistry,47673.0,32141.0
9th,Kohat,2025,Civics,674.0,608.0
9th,Kohat,2025,Computer Science,2030.0,1423.0
9th,Kohat,2025,Economics,3.0,1.0
9th,Kohat,2025,English,54145.0,42014.0
9th,Kohat,2025,Ethics,34.0,29.0
9th,Kohat,2025,General Mathematics,5579.0,3255.0
9th,Kohat,2025,General Science,5418.0,4129.0
9th,Kohat,2025,Health And Physical Education,172.0,150.0
9th,Kohat,2025,Home Economics,2210.0,2155.0
9th,Kohat,2025,Islamic Education,59599.0,46689.0
9th,Kohat,2025,Islamic History,135.0,37.0
9th,Kohat,2025,Mathematics,47369.0,34938.0
9th,Kohat,2025,Mutalia-E-Quran-E-Hakeem,52687.0,44328.0
9th,Kohat,2025,Pakistan Studies,52896.0,43975.0
9th,Kohat,2025,Pashto,69.0,58.0
9th,Kohat,2025,Physics,47849.0,33390.0
9th,Kohat,2025,Urdu,52747.0,48794.0
9th,Kohat,2025,Wood Work,14.0,14.0
9th,Kohat,2026,Arabic,25.0,13.0
9th,Kohat,2026,Art And Model Drawing,1593.0,1390.0
9th,Kohat,2026,Biology,45665.0,24861.0
9th,Kohat,2026,Chemistry,48860.0,29492.0
9th,Kohat,2026,Civics,731.0,605.0
9th,Kohat,2026,Computer Science,2238.0,1083.0
9th,Kohat,2026,Economics,20.0,15.0
9th,Kohat,2026,English,51115.0,40652.0
9th,Kohat,2026,Ethics,37.0,25.0
9th,Kohat,2026,Food And Nutrition,1.0,1.0
9th,Kohat,2026,General Mathematics,5319.0,2686.0
9th,Kohat,2026,General Science,4882.0,2470.0
9th,Kohat,2026,Health And Physical Education,106.0,90.0
9th,Kohat,2026,Home Economics,2264.0,2173.0
9th,Kohat,2026,Islamic Education,54317.0,39972.0
9th,Kohat,2026,Islamic History,256.0,83.0
9th,Kohat,2026,Mathematics,47073.0,22685.0
9th,Kohat,2026,Mutalia-E-Quran-E-Hakeem,48902.0,36861.0
9th,Kohat,2026,Pakistan Studies,50335.0,34446.0
9th,Kohat,2026,Pashto,53.0,44.0
9th,Kohat,2026,Physics,48374.0,26842.0
9th,Kohat,2026,Urdu,47367.0,39933.0
9th,Kohat,2026,Wood Work,11.0,11.0
9th,Lahore,2025,Advanced Islamic Studies,47504.0,38980.0
9th,Lahore,2025,Al-Hadith,19.0,16.0
9th,Lahore,2025,Al-Quran,19.0,17.0
9th,Lahore,2025,Arabic,1676.0,1260.0
9th,Lahore,2025,Arithmetic,199.0,199.0
9th,Lahore,2025,Art And Model Drawing,707.0,635.0
9th,Lahore,2025,Beautician,18.0,15.0
9th,Lahore,2025,Biology,110218.0,77180.0
9th,Lahore,2025,Business Methods,46.0,24.0
9th,Lahore,2025,Chemistry,234349.0,142782.0
9th,Lahore,2025,Civics,4810.0,2859.0
9th,Lahore,2025,Clothing And Textile,35.0,29.0
9th,Lahore,2025,Commercial Geography,2.0,1.0
9th,Lahore,2025,Computer Hardware,112.0,92.0
9th,Lahore,2025,Computer Science,138989.0,107080.0
9th,Lahore,2025,Drawing,201.0,201.0
9th,Lahore,2025,Dress Making And Fashion Designing,3.0,3.0
9th,Lahore,2025,Economics,603.0,437.0
9th,Lahore,2025,Education,33471.0,27608.0
9th,Lahore,2025,Electrical Wiring,63.0,41.0
9th,Lahore,2025,English,307678.0,259006.0
9th,Lahore,2025,Environmental Studies,10.0,8.0
9th,Lahore,2025,Ethics,9617.0,7864.0
9th,Lahore,2025,Fish Farming,3.0,3.0
9th,Lahore,2025,Food And Nutrition,1640.0,1522.0
9th,Lahore,2025,General Mathematics,72193.0,43347.0
9th,Lahore,2025,General Science,72351.0,43464.0
9th,Lahore,2025,Geography,4.0,0.0
9th,Lahore,2025,Geography Of Pakistan,11.0,8.0
9th,Lahore,2025,Geometrical And Technical Drawing,131.0,84.0
9th,Lahore,2025,Health And Physical Education,10911.0,9433.0
9th,Lahore,2025,History Of Pakistan,25.0,13.0
9th,Lahore,2025,Home Economics,8730.0,6528.0
9th,Lahore,2025,Islamic Education,298586.0,258460.0
9th,Lahore,2025,Islamic History,149.0,129.0
9th,Lahore,2025,Mathematics,234226.0,145911.0
9th,Lahore,2025,Military Science,5.0,5.0
9th,Lahore,2025,Pakistan Studies,201.0,201.0
9th,Lahore,2025,Persian,159.0,153.0
9th,Lahore,2025,Physics,234221.0,164398.0
9th,Lahore,2025,Physiology And Hygiene,7.0,1.0
9th,Lahore,2025,Poultry Farming,2380.0,1906.0
9th,Lahore,2025,Punjabi,16522.0,14481.0
9th,Lahore,2025,Religious Education,8089.0,6590.0
9th,Lahore,2025,Tailoring,20.0,20.0
9th,Lahore,2025,Translation Of The Holy Quran,297597.0,272884.0
9th,Lahore,2025,Urdu,306881.0,283975.0
9th,Lahore,2025,Urdu Dars-E-Nizami,20.0,18.0
9th,Lahore,2025,Wood Work,100.0,94.0
9th,Lahore,2026,Advanced Islamic Studies,46308.0,37676.0
9th,Lahore,2026,Agriculture Sciences,334.0,325.0
9th,Lahore,2026,Al-Hadith,15.0,12.0
9th,Lahore,2026,Al-Quran,13.0,10.0
9th,Lahore,2026,Arabic,1293.0,1079.0
9th,Lahore,2026,Arithmetic,253.0,240.0
9th,Lahore,2026,Art And Model Drawing,550.0,505.0
9th,Lahore,2026,Beautician,30.0,27.0
9th,Lahore,2026,Biology,97218.0,71740.0
9th,Lahore,2026,Business Methods,27.0,17.0
9th,Lahore,2026,Chemistry,208105.0,148140.0
9th,Lahore,2026,Civics,5316.0,3745.0
9th,Lahore,2026,Clothing And Textile,55.0,42.0
9th,Lahore,2026,Communication Skills And Personal Grooming,1186.0,1068.0
9th,Lahore,2026,Computer Hardware,403.0,252.0
9th,Lahore,2026,Computer Science,4701.0,3373.0
9th,Lahore,2026,Computer Science And Entrepreneurship,117044.0,81026.0
9th,Lahore,2026,Drawing,253.0,233.0
9th,Lahore,2026,Dress Making And Fashion Designing,96.0,81.0
9th,Lahore,2026,Economics,659.0,518.0
9th,Lahore,2026,Education,35736.0,29877.0
9th,Lahore,2026,Electrical Wiring,95.0,75.0
9th,Lahore,2026,English,280456.0,225819.0
9th,Lahore,2026,Environmental Studies,5.0,0.0
9th,Lahore,2026,Ethics,8214.0,6552.0
9th,Lahore,2026,Fashion Designing,2366.0,2129.0
9th,Lahore,2026,Fish Farming,3.0,3.0
9th,Lahore,2026,Food And Nutrition,2161.0,1964.0
9th,Lahore,2026,General Science,71593.0,41453.0
9th,Lahore,2026,Geography,11.0,6.0
9th,Lahore,2026,Geography Of Pakistan,5.0,3.0
9th,Lahore,2026,Geometrical And Technical Drawing,94.0,77.0
9th,Lahore,2026,Health And Physical Education,11396.0,9616.0
9th,Lahore,2026,Health Sciences,2820.0,2645.0
9th,Lahore,2026,History Of Pakistan,50.0,38.0
9th,Lahore,2026,Home Economics,8398.0,7156.0
9th,Lahore,2026,Information And Communication Technology,6482.0,6016.0
9th,Lahore,2026,Islamic Education,272406.0,248836.0
9th,Lahore,2026,Islamic History,153.0,142.0
9th,Lahore,2026,Mathematics,279466.0,174206.0
9th,Lahore,2026,Military Science,1.0,0.0
9th,Lahore,2026,Persian,55.0,53.0
9th,Lahore,2026,Physics,208278.0,164559.0
9th,Lahore,2026,Physiology And Hygiene,5.0,0.0
9th,Lahore,2026,Poultry Farming,3203.0,2692.0
9th,Lahore,2026,Punjabi,14405.0,12443.0
9th,Lahore,2026,Religious Education,7313.0,5827.0
9th,Lahore,2026,Tailoring,11.0,11.0
9th,Lahore,2026,Translation Of The Holy Quran,271957.0,255723.0
9th,Lahore,2026,Urdu,279943.0,262949.0
9th,Lahore,2026,Urdu Dars-E-Nizami,16.0,16.0
9th,Lahore,2026,Wood Work,291.0,278.0
9th,Peshawar,2025,Arabic,860.0,805.0
9th,Peshawar,2025,Art And Model Drawing,6444.0,6044.0
9th,Peshawar,2025,Biology,79944.0,69527.0
9th,Peshawar,2025,Chemistry,83312.0,67062.0
9th,Peshawar,2025,Civics,1984.0,1610.0
9th,Peshawar,2025,Computer Science,4041.0,3375.0
9th,Peshawar,2025,Economics,14.0,3.0
9th,Peshawar,2025,Education,80.0,22.0
9th,Peshawar,2025,English,101888.0,90892.0
9th,Peshawar,2025,Ethics,395.0,356.0
9th,Peshawar,2025,General Mathematics,18576.0,11386.0
9th,Peshawar,2025,General Science,18575.0,13614.0
9th,Peshawar,2025,Geography,1.0,1.0
9th,Peshawar,2025,Health And Physical Education,1723.0,1369.0
9th,Peshawar,2025,History And Geo: Of Pakistan,14.0,13.0
9th,Peshawar,2025,Home Economics,5000.0,4752.0
9th,Peshawar,2025,Islamic Education,116767.0,103046.0
9th,Peshawar,2025,Islamic History,874.0,424.0
9th,Peshawar,2025,Mathematics,83312.0,71885.0
9th,Peshawar,2025,Mutalia-E-Quran-E-Hakeem,101493.0,97734.0
9th,Peshawar,2025,Pakistan Studies,101888.0,94599.0
9th,Peshawar,2025,Pashto,4225.0,3908.0
9th,Peshawar,2025,Persian,1.0,1.0
9th,Peshawar,2025,Physics,83312.0,75385.0
9th,Peshawar,2025,Urdu,101874.0,98769.0
9th,Peshawar,2026,Arabic,739.0,686.0
9th,Peshawar,2026,Art And Model Drawing,5324.0,4948.0
9th,Peshawar,2026,Biology,77672.0,56581.0
9th,Peshawar,2026,Chemistry,81281.0,59268.0
9th,Peshawar,2026,Civics,1679.0,1419.0
9th,Peshawar,2026,Computer Science,4331.0,3134.0
9th,Peshawar,2026,Economics,54.0,27.0
9th,Peshawar,2026,Education,82.0,51.0
9th,Peshawar,2026,English,97965.0,86796.0
9th,Peshawar,2026,Ethics,414.0,393.0
9th,Peshawar,2026,General Mathematics,16668.0,7246.0
9th,Peshawar,2026,General Science,16669.0,7673.0
9th,Peshawar,2026,Geography,16.0,12.0
9th,Peshawar,2026,Health And Physical Education,1670.0,1414.0
9th,Peshawar,2026,History And Geo: Of Pakistan,29.0,25.0
9th,Peshawar,2026,History Of Pakistan,14.0,6.0
9th,Peshawar,2026,Home Economics,5130.0,5007.0
9th,Peshawar,2026,Islamic Education,111063.0,90267.0
9th,Peshawar,2026,Islamic History,821.0,413.0
9th,Peshawar,2026,Mathematics,81281.0,56681.0
9th,Peshawar,2026,Mutalia-E-Quran-E-Hakeem,97536.0,87017.0
9th,Peshawar,2026,Pakistan Studies,97950.0,77320.0
9th,Peshawar,2026,Pashto,3507.0,3294.0
9th,Peshawar,2026,Physics,81281.0,61062.0
9th,Peshawar,2026,Urdu,97960.0,88635.0
9th,Rawalpindi,2025,Al-Hadith Wal-Fiqah,21.0,15.0
9th,Rawalpindi,2025,Al-Quran,21.0,16.0
9th,Rawalpindi,2025,Arabic,601.0,411.0
9th,Rawalpindi,2025,Arithmetic,109.0,107.0
9th,Rawalpindi,2025,Art And Model Drawing,291.0,276.0
9th,Rawalpindi,2025,Biology,31017.0,24077.0
9th,Rawalpindi,2025,Chemistry,100097.0,57580.0
9th,Rawalpindi,2025,Civics,1712.0,1004.0
9th,Rawalpindi,2025,Clothing And Textile,283.0,253.0
9th,Rawalpindi,2025,Computer Science,74306.0,56929.0
9th,Rawalpindi,2025,Drawing,108.0,103.0
9th,Rawalpindi,2025,Economics,120.0,58.0
9th,Rawalpindi,2025,Education,7063.0,5604.0
9th,Rawalpindi,2025,Electrical Wiring,10.0,1.0
9th,Rawalpindi,2025,English,126398.0,100000.0
9th,Rawalpindi,2025,Ethics,1292.0,1198.0
9th,Rawalpindi,2025,Food And Nutrition,269.0,217.0
9th,Rawalpindi,2025,General Mathematics,26192.0,15993.0
9th,Rawalpindi,2025,General Science,26192.0,18028.0
9th,Rawalpindi,2025,Geography,83.0,20.0
9th,Rawalpindi,2025,Geometrical And Technical Drawing,20.0,15.0
9th,Rawalpindi,2025,Health And Physical Education,8224.0,6764.0
9th,Rawalpindi,2025,History Of Pakistan,29.0,5.0
9th,Rawalpindi,2025,Home Economics,7800.0,6508.0
9th,Rawalpindi,2025,Islamic Education,145194.0,118454.0
9th,Rawalpindi,2025,Islamic History,52.0,34.0
9th,Rawalpindi,2025,Mathematics,100097.0,58380.0
9th,Rawalpindi,2025,Persian,39.0,35.0
9th,Rawalpindi,2025,Physics,100097.0,66873.0
9th,Rawalpindi,2025,Punjabi,609.0,513.0
9th,Rawalpindi,2025,Religious Education,1292.0,1198.0
9th,Rawalpindi,2025,Tailoring,26.0,26.0
9th,Rawalpindi,2025,Translation Of The Holy Quran,125106.0,108316.0
9th,Rawalpindi,2025,Urdu,126383.0,107109.0
9th,Rawalpindi,2025,Urdu Dars-E-Nizami,21.0,15.0
9th,Rawalpindi,2026,Agriculture Sciences,188.0,157.0
9th,Rawalpindi,2026,Al-Hadith Wal-Fiqah,22.0,3.0
9th,Rawalpindi,2026,Al-Quran,22.0,15.0
9th,Rawalpindi,2026,Arabic,455.0,384.0
9th,Rawalpindi,2026,Art And Model Drawing,415.0,316.0
9th,Rawalpindi,2026,Biology,29342.0,23083.0
9th,Rawalpindi,2026,Chemistry,93561.0,54428.0
9th,Rawalpindi,2026,Civics,2032.0,1383.0
9th,Rawalpindi,2026,Clothing And Textile,409.0,392.0
9th,Rawalpindi,2026,Communication Skills And Personal Grooming,787.0,614.0
9th,Rawalpindi,2026,Computer Science And Entrepreneurship,68758.0,42273.0
9th,Rawalpindi,2026,Dress Making And Fashion Designing,13.0,12.0
9th,Rawalpindi,2026,Economics,206.0,127.0
9th,Rawalpindi,2026,Education,8021.0,6267.0
9th,Rawalpindi,2026,Electrical Wiring,63.0,17.0
9th,Rawalpindi,2026,English,121963.0,94159.0
9th,Rawalpindi,2026,Ethics,1175.0,1083.0
9th,Rawalpindi,2026,Fashion Designing,787.0,739.0
9th,Rawalpindi,2026,Food And Nutrition,464.0,404.0
9th,Rawalpindi,2026,General Science,28402.0,19063.0
9th,Rawalpindi,2026,Geometrical And Technical Drawing,27.0,26.0
9th,Rawalpindi,2026,Health And Physical Education,9751.0,8277.0
9th,Rawalpindi,2026,Health Sciences,2051.0,1537.0
9th,Rawalpindi,2026,History Of Pakistan,16.0,8.0
9th,Rawalpindi,2026,Home Economics,7728.0,6972.0
9th,Rawalpindi,2026,Information And Communication Technology,3656.0,2901.0
9th,Rawalpindi,2026,Islamic Education,141373.0,120988.0
9th,Rawalpindi,2026,Islamic History,55.0,21.0
9th,Rawalpindi,2026,Mathematics,121963.0,64052.0
9th,Rawalpindi,2026,Persian,143.0,114.0
9th,Rawalpindi,2026,Physics,93561.0,64321.0
9th,Rawalpindi,2026,Physiology And Hygiene,3.0,3.0
9th,Rawalpindi,2026,Poultry Farming,9.0,8.0
9th,Rawalpindi,2026,Punjabi,796.0,621.0
9th,Rawalpindi,2026,Religious Education,1175.0,1083.0
9th,Rawalpindi,2026,Translation Of The Holy Quran,120788.0,108975.0
9th,Rawalpindi,2026,Urdu,121946.0,110102.0
9th,Rawalpindi,2026,Urdu Dars-E-Nizami,22.0,11.0
9th,Rawalpindi,2026,Wood Work,227.0,224.0
9th,Sargodha,2025,Advanced Islamic Studies,13674.0,12416.0
9th,Sargodha,2025,Arabic,614.0,508.0
9th,Sargodha,2025,Art And Model Drawing,2.0,2.0
9th,Sargodha,2025,Beautician,303.0,291.0
9th,Sargodha,2025,Biology,41109.0,31379.0
9th,Sargodha,2025,Chemistry,92622.0,62803.0
9th,Sargodha,2025,Civics,1371.0,992.0
9th,Sargodha,2025,Clothing And Textile,3.0,3.0
9th,Sargodha,2025,Computer Hardware,14.0,14.0
9th,Sargodha,2025,Computer Science,56264.0,42618.0
9th,Sargodha,2025,Drawing,85.0,85.0
9th,Sargodha,2025,Dress Making And Fashion Designing,1308.0,1258.0
9th,Sargodha,2025,Economics,122.0,104.0
9th,Sargodha,2025,Education,1447.0,1340.0
9th,Sargodha,2025,Electrical Wiring,364.0,249.0
9th,Sargodha,2025,Embroidery,1.0,1.0
9th,Sargodha,2025,English,112415.0,86655.0
9th,Sargodha,2025,Ethics,1179.0,1047.0
9th,Sargodha,2025,Food And Nutrition,982.0,962.0
9th,Sargodha,2025,General Mathematics,19509.0,13966.0
9th,Sargodha,2025,General Science,19528.0,13369.0
9th,Sargodha,2025,Health And Physical Education,8830.0,8005.0
9th,Sargodha,2025,History Of Pakistan,3.0,0.0
9th,Sargodha,2025,Home Economics,4435.0,3686.0
9th,Sargodha,2025,Islamic Education,110987.0,96509.0
9th,Sargodha,2025,Mathematics,92656.0,60531.0
9th,Sargodha,2025,Persian,7.0,5.0
9th,Sargodha,2025,Physical Education,33.0,33.0
9th,Sargodha,2025,Physics,92568.0,67754.0
9th,Sargodha,2025,Poultry Farming,257.0,217.0
9th,Sargodha,2025,Punjabi,696.0,666.0
9th,Sargodha,2025,Religious Education,1180.0,1048.0
9th,Sargodha,2025,Tailoring,52.0,52.0
9th,Sargodha,2025,Translation Of The Holy Quran,111151.0,104159.0
9th,Sargodha,2025,Urdu,112222.0,103945.0
9th,Sargodha,2026,Advanced Islamic Studies,15195.0,13565.0
9th,Sargodha,2026,Agriculture Sciences,314.0,297.0
9th,Sargodha,2026,Arabic,580.0,524.0
9th,Sargodha,2026,Art And Model Drawing,7.0,7.0
9th,Sargodha,2026,Beautician,326.0,322.0
9th,Sargodha,2026,Biology,40303.0,30394.0
9th,Sargodha,2026,Chemistry,85257.0,55303.0
9th,Sargodha,2026,Civics,1668.0,1241.0
9th,Sargodha,2026,Clothing And Textile,128.0,128.0
9th,Sargodha,2026,Communication Skills And Personal Grooming,819.0,453.0
9th,Sargodha,2026,Computer Hardware,10.0,2.0
9th,Sargodha,2026,Computer Science,45570.0,29191.0
9th,Sargodha,2026,Computer Science And Entrepreneurship,3484.0,2953.0
9th,Sargodha,2026,Drawing,102.0,102.0
9th,Sargodha,2026,Dress Making And Fashion Designing,1544.0,1493.0
9th,Sargodha,2026,Economics,134.0,105.0
9th,Sargodha,2026,Education,1692.0,1558.0
9th,Sargodha,2026,Electrical Wiring,380.0,344.0
9th,Sargodha,2026,English,107708.0,87216.0
9th,Sargodha,2026,Ethics,1068.0,987.0
9th,Sargodha,2026,Fashion Designing,818.0,567.0
9th,Sargodha,2026,Food And Nutrition,1178.0,1010.0
9th,Sargodha,2026,General Science,22263.0,14649.0
9th,Sargodha,2026,Health And Physical Education,10728.0,9562.0
9th,Sargodha,2026,Health Sciences,662.0,403.0
9th,Sargodha,2026,History Of Pakistan,24.0,21.0
9th,Sargodha,2026,Home Economics,4763.0,3832.0
9th,Sargodha,2026,Information And Communication Technology,2655.0,2159.0
9th,Sargodha,2026,Islamic Education,106484.0,97048.0
9th,Sargodha,2026,Mathematics,107545.0,58984.0
9th,Sargodha,2026,Persian,8.0,8.0
9th,Sargodha,2026,Physical Education,37.0,37.0
9th,Sargodha,2026,Physics,85297.0,64798.0
9th,Sargodha,2026,Poultry Farming,406.0,323.0
9th,Sargodha,2026,Punjabi,830.0,633.0
9th,Sargodha,2026,Religious Education,1068.0,987.0
9th,Sargodha,2026,Tailoring,65.0,65.0
9th,Sargodha,2026,Translation Of The Holy Quran,106575.0,99296.0
9th,Sargodha,2026,Urdu,107608.0,101928.0
9th,Sargodha,2026,Wood Work,2.0,2.0
9th,Swat,2026,Arabic,273.0,250.0
9th,Swat,2026,Art And Model Drawing,172.0,169.0
9th,Swat,2026,Biology,46037.0,36786.0
9th,Swat,2026,Chemistry,47541.0,35143.0
9th,Swat,2026,Civics,764.0,658.0
9th,Swat,2026,Computer Science,749.0,615.0
9th,Swat,2026,Economics,2.0,2.0
9th,Swat,2026,English,52627.0,49553.0
9th,Swat,2026,Ethics,28.0,27.0
9th,Swat,2026,General Mathematics,5019.0,2700.0
9th,Swat,2026,General Science,4492.0,3163.0
9th,Swat,2026,Health And Physical Education,228.0,211.0
9th,Swat,2026,Home Economics,179.0,159.0
9th,Swat,2026,Islamic Education,55150.0,45419.0
9th,Swat,2026,Islamic History,637.0,558.0
9th,Swat,2026,Mathematics,47534.0,34394.0
9th,Swat,2026,Mutalia-E-Quran-E-Hakeem,50661.0,47603.0
9th,Swat,2026,Pakistan Studies,51408.0,37785.0
9th,Swat,2026,Pakistani Culture,1.0,1.0
9th,Swat,2026,Pashto,2873.0,2287.0
9th,Swat,2026,Physics,48630.0,39514.0
9th,Swat,2026,Urdu,50911.0,47237.0
